1	первое	первый	ADJ	_	Case=Nom|Degree=Pos|Gender=Neut|Number=Sing	_	_	_	@tim1991f-words#@tim1991f#1602.925#1603.194
2	что	что	PRON	_	Case=Nom	_	_	_	@tim1991f-words#@tim1991f#1603.194#1603.463
3	мне	я	PRON	_	Case=Dat|Number=Sing|Person=1	_	_	_	@tim1991f-words#@tim1991f#1603.463#1603.732
4	было	быть	AUX	_	Aspect=Imp|Gender=Neut|Mood=Ind|Number=Sing|Tense=Past|VerbForm=Fin|Voice=Act	_	_	_	@tim1991f-words#@tim1991f#1603.732#1604.001
5	очень	очень	ADV	_	Degree=Pos	_	_	_	@tim1991f-words#@tim1991f#1604.001#1604.27
6	интересно	интересный	ADJ	_	Degree=Pos|Gender=Neut|Number=Sing|Variant=Short	_	_	_	@tim1991f-words#@tim1991f#1604.27#1604.539
7	/	/	PUNCT	_	_	_	_	_	@tim1991f-words#@tim1991f#1604.539#1604.808
8	как	как	SCONJ	_	_	_	_	_	@tim1991f-words#@tim1991f#1604.808#1605.077
9	ты	ты	PRON	_	Case=Nom|Number=Sing|Person=2	_	_	_	@tim1991f-words#@tim1991f#1605.077#1605.346
10	учила	учить	VERB	_	Aspect=Perf|Gender=Fem|Mood=Ind|Number=Sing|Tense=Past|VerbForm=Fin|Voice=Act	_	_	_	@tim1991f-words#@tim1991f#1605.346#1605.615
11	сценарий	сценарий	NOUN	_	Animacy=Inan|Case=Acc|Gender=Masc|Number=Sing	_	_	_	@tim1991f-words#@tim1991f#1605.615#1605.884
12	?	?	PUNCT	_	_	_	_	_	@tim1991f-words#@tim1991f#1605.884#1606.153
13	тебе	ты	PRON	_	Case=Dat|Number=Sing|Person=2	_	_	_	@tim1991f-words#@tim1991f#1606.153#1606.422
14	было	быть	VERB	_	Aspect=Imp|Gender=Neut|Mood=Ind|Number=Sing|Tense=Past|VerbForm=Fin|Voice=Act	_	_	_	@tim1991f-words#@tim1991f#1606.422#1606.691
15	пять	пять	NUM	_	Case=Nom	_	_	_	@tim1991f-words#@tim1991f#1606.691#1606.96
16	лет	год	NOUN	_	Animacy=Inan|Case=Gen|Gender=Masc|Number=Plur	_	_	_	@tim1991f-words#@tim1991f#1606.96#1607.229
17	/	/	PUNCT	_	_	_	_	_	@tim1991f-words#@tim1991f#1607.229#1607.498
18	ты	ты	PRON	_	Case=Nom|Number=Sing|Person=2	_	_	_	@tim1991f-words#@tim1991f#1607.498#1607.767
19	даже	даже	PART	_	_	_	_	_	@tim1991f-words#@tim1991f#1607.767#1608.036
20	читать	читать	VERB	_	Aspect=Imp|VerbForm=Inf|Voice=Act	_	_	_	@tim1991f-words#@tim1991f#1608.036#1608.305
21	еще	еще	ADV	_	Degree=Pos	_	_	_	@tim1991f-words#@tim1991f#1608.305#1608.574
22	не	не	PART	_	_	_	_	_	@tim1991f-words#@tim1991f#1608.574#1608.843
23	умела	уметь	VERB	_	Aspect=Imp|Gender=Fem|Mood=Ind|Number=Sing|Tense=Past|VerbForm=Fin|Voice=Act	_	_	_	@tim1991f-words#@tim1991f#1608.843#1609.112
24	/	/	PUNCT	_	_	_	_	_	@tim1991f-words#@tim1991f#1609.112#1609.381
25	как	как	SCONJ	_	_	_	_	_	@tim1991f-words#@tim1991f#1609.381#1609.65
26	ты	ты	PRON	_	Case=Nom|Number=Sing|Person=2	_	_	_	@tim1991f-words#@tim1991f#1609.65#1609.919
27	как	как	SCONJ	_	_	_	_	_	@tim1991f-words#@tim1991f#1609.919#1610.188
28	это	это	PRON	_	Animacy=Inan|Case=Nom|Gender=Neut|Number=Sing	_	_	_	@tim1991f-words#@tim1991f#1610.188#1610.457
29	технически	технически	ADV	_	Degree=Pos	_	_	_	@tim1991f-words#@tim1991f#1610.457#1610.726
30	происходило	происходить	VERB	_	Aspect=Imp|Gender=Neut|Mood=Ind|Number=Sing|Tense=Past|VerbForm=Fin|Voice=Act	_	_	_	@tim1991f-words#@tim1991f#1610.726#1610.995
31	?	?	PUNCT	_	_	_	_	_	@tim1991f-words#@tim1991f#1610.995#1611.272
32	ну	ну	PART	_	_	_	_	_	@tim1991f-words#@tim1991f#1632.213#1632.53
33	это	это	PRON	_	Animacy=Inan|Case=Nom|Gender=Neut|Number=Sing	_	_	_	@tim1991f-words#@tim1991f#1632.53#1632.847
34	было	быть	AUX	_	Aspect=Imp|Gender=Neut|Mood=Ind|Number=Sing|Tense=Past|VerbForm=Fin|Voice=Act	_	_	_	@tim1991f-words#@tim1991f#1632.847#1633.164
35	прям	пре	NOUN	_	Animacy=Inan|Case=Dat|Gender=Neut|Number=Plur	_	_	_	@tim1991f-words#@tim1991f#1633.164#1633.481
36	реально	реально	ADV	_	Degree=Pos	_	_	_	@tim1991f-words#@tim1991f#1633.481#1633.798
37	интересно	интересный	ADJ	_	Degree=Pos|Gender=Neut|Number=Sing|Variant=Short	_	_	_	@tim1991f-words#@tim1991f#1633.798#1634.115
38	потому	потому	ADV	_	Degree=Pos	_	_	_	@tim1991f-words#@tim1991f#1634.115#1634.432
39	что	что	SCONJ	_	_	_	_	_	@tim1991f-words#@tim1991f#1634.432#1634.749
40	я	я	PRON	_	Case=Nom|Number=Sing|Person=1	_	_	_	@tim1991f-words#@tim1991f#1634.749#1635.066
41	такая	такой	DET	_	Case=Nom|Gender=Fem|Number=Sing	_	_	_	@tim1991f-words#@tim1991f#1635.066#1635.383
42	думаю	думать	VERB	_	Aspect=Imp|Mood=Ind|Number=Sing|Person=1|Tense=Pres|VerbForm=Fin|Voice=Act	_	_	_	@tim1991f-words#@tim1991f#1635.383#1635.7
43	всмысле	всмысло	ADP	_	_	_	_	_	@tim1991f-words#@tim1991f#1635.7#1636.017
44	стоп	стопа	NOUN	_	Animacy=Inan|Case=Gen|Gender=Fem|Number=Plur	_	_	_	@tim1991f-words#@tim1991f#1636.017#1636.334
45	/	/	PUNCT	_	_	_	_	_	@tim1991f-words#@tim1991f#1636.334#1636.651
46	как	как	SCONJ	_	_	_	_	_	@tim1991f-words#@tim1991f#1636.651#1636.968
47	это	это	PRON	_	Animacy=Inan|Case=Nom|Gender=Neut|Number=Sing	_	_	_	@tim1991f-words#@tim1991f#1636.968#1637.285
48	вообще	вообще	ADV	_	Degree=Pos	_	_	_	@tim1991f-words#@tim1991f#1637.285#1637.602
49	возможно	возможный	ADJ	_	Degree=Pos|Gender=Neut|Number=Sing|Variant=Short	_	_	_	@tim1991f-words#@tim1991f#1637.602#1637.934
50	ну	ну	PART	_	_	_	_	_	@tim1991f-words#@tim1991f#1638.18#1638.392
51	ты	ты	PRON	_	Case=Nom|Number=Sing|Person=2	_	_	_	@tim1991f-words#@tim1991f#1638.392#1638.604
52	в	в	ADP	_	_	_	_	_	@tim1991f-words#@tim1991f#1638.604#1638.816
53	целом	целое	NOUN	_	Animacy=Inan|Case=Loc|Gender=Neut|Number=Sing	_	_	_	@tim1991f-words#@tim1991f#1638.816#1639.028
54	уже	уже	ADV	_	Degree=Pos	_	_	_	@tim1991f-words#@tim1991f#1639.028#1639.24
55	рассказывала	рассказывать	VERB	_	Aspect=Imp|Gender=Fem|Mood=Ind|Number=Sing|Tense=Past|VerbForm=Fin|Voice=Act	_	_	_	@tim1991f-words#@tim1991f#1639.24#1639.452
56	по-моему	по-моему	ADV	_	Degree=Pos	_	_	_	@tim1991f-words#@tim1991f#1639.452#1639.664
57	да	да	CCONJ	_	_	_	_	_	@tim1991f-words#@tim1991f#1639.664#1639.876
58	где-то	где-то	ADV	_	Degree=Pos	_	_	_	@tim1991f-words#@tim1991f#1639.876#1640.088
59	да	да	PART	_	_	_	_	_	@tim1991f-words#@tim1991f#1640.088#1640.3
60	как	как	SCONJ	_	_	_	_	_	@tim1991f-words#@tim1991f#1640.3#1640.512
61	ты	ты	PRON	_	Case=Nom|Number=Sing|Person=2	_	_	_	@tim1991f-words#@tim1991f#1640.512#1640.724
62	совмещала	совмещать	VERB	_	Aspect=Imp|Gender=Fem|Mood=Ind|Number=Sing|Tense=Past|VerbForm=Fin|Voice=Act	_	_	_	@tim1991f-words#@tim1991f#1640.724#1640.936
63	с	с	ADP	_	_	_	_	_	@tim1991f-words#@tim1991f#1640.936#1641.148
64	учебой	учеба	NOUN	_	Animacy=Inan|Case=Ins|Gender=Fem|Number=Sing	_	_	_	@tim1991f-words#@tim1991f#1641.148#1641.36
65	то	то	PRON	_	Animacy=Inan|Case=Nom|Gender=Neut|Number=Sing	_	_	_	@tim1991f-words#@tim1991f#1641.36#1641.572
66	есть	быть	VERB	_	Aspect=Imp|Mood=Ind|Number=Sing|Person=3|Tense=Pres|VerbForm=Fin|Voice=Act	_	_	_	@tim1991f-words#@tim1991f#1641.572#1641.784
67	это	это	PRON	_	Animacy=Inan|Case=Nom|Gender=Neut|Number=Sing	_	_	_	@tim1991f-words#@tim1991f#1641.784#1641.996
68	тебе	ты	PRON	_	Case=Dat|Number=Sing|Person=2	_	_	_	@tim1991f-words#@tim1991f#1641.996#1642.208
69	особо	особо	ADV	_	Degree=Pos	_	_	_	@tim1991f-words#@tim1991f#1642.208#1642.42
70	не	не	PART	_	_	_	_	_	@tim1991f-words#@tim1991f#1642.42#1642.632
71	мешало	мешать	VERB	_	Aspect=Imp|Gender=Neut|Mood=Ind|Number=Sing|Tense=Past|VerbForm=Fin|Voice=Act	_	_	_	@tim1991f-words#@tim1991f#1642.632#1642.852
72	ох	ох	NOUN	_	Animacy=Inan|Case=Acc|Gender=Masc|Number=Sing	_	_	_	@tim1991f-words#@tim1991f#1659.754#1660.18
73	а	а	CCONJ	_	_	_	_	_	@tim1991f-words#@tim1991f#1677.885#1678.128
74	могла	мочь	VERB	_	Aspect=Imp|Gender=Fem|Mood=Ind|Number=Sing|Tense=Past|VerbForm=Fin|Voice=Act	_	_	_	@tim1991f-words#@tim1991f#1678.128#1678.371
75	на	на	ADP	_	_	_	_	_	@tim1991f-words#@tim1991f#1678.371#1678.614
76	спокойно	спокойно	ADV	_	Degree=Pos	_	_	_	@tim1991f-words#@tim1991f#1678.614#1678.857
77	на	на	ADP	_	_	_	_	_	@tim1991f-words#@tim1991f#1678.857#1679.1
78	площадке	площадка	NOUN	_	Animacy=Inan|Case=Loc|Gender=Fem|Number=Sing	_	_	_	@tim1991f-words#@tim1991f#1679.1#1679.343
79	гулять	гулять	VERB	_	Aspect=Imp|VerbForm=Inf|Voice=Act	_	_	_	@tim1991f-words#@tim1991f#1679.343#1679.586
80	?	?	PUNCT	_	_	_	_	_	@tim1991f-words#@tim1991f#1679.586#1679.829
81	/	/	PUNCT	_	_	_	_	_	@tim1991f-words#@tim1991f#1679.829#1680.072
82	вот	вот	PART	_	_	_	_	_	@tim1991f-words#@tim1991f#1680.072#1680.315
83	просто	просто	PART	_	_	_	_	_	@tim1991f-words#@tim1991f#1680.315#1680.558
84	выйти	выйти	VERB	_	Aspect=Perf|VerbForm=Inf|Voice=Act	_	_	_	@tim1991f-words#@tim1991f#1680.558#1680.801
85	ба	бо	NOUN	_	Animacy=Anim|Case=Nom|Gender=Fem|Number=Sing	_	_	_	@tim1991f-words#@tim1991f#1680.801#1681.044
86	я	я	PRON	_	Case=Nom|Number=Sing|Person=1	_	_	_	@tim1991f-words#@tim1991f#1681.044#1681.287
87	пошла	пойти	VERB	_	Aspect=Perf|Gender=Fem|Mood=Ind|Number=Sing|Tense=Past|VerbForm=Fin|Voice=Act	_	_	_	@tim1991f-words#@tim1991f#1681.287#1681.54
88	и	и	CCONJ	_	_	_	_	_	@tim1991f-words#@tim1991f#1681.868#1682.113
89	выйти	выйти	VERB	_	Aspect=Perf|VerbForm=Inf|Voice=Act	_	_	_	@tim1991f-words#@tim1991f#1682.113#1682.358
90	на	на	ADP	_	_	_	_	_	@tim1991f-words#@tim1991f#1682.358#1682.603
91	площадку	площадка	NOUN	_	Animacy=Inan|Case=Acc|Gender=Fem|Number=Sing	_	_	_	@tim1991f-words#@tim1991f#1682.603#1682.848
92	чтобы	чтобы	SCONJ	_	Mood=Cnd	_	_	_	@tim1991f-words#@tim1991f#1682.848#1683.093
93	к	к	ADP	_	_	_	_	_	@tim1991f-words#@tim1991f#1683.093#1683.338
94	тебе	ты	PRON	_	Case=Dat|Number=Sing|Person=2	_	_	_	@tim1991f-words#@tim1991f#1683.338#1683.583
95	там	там	ADV	_	Degree=Pos	_	_	_	@tim1991f-words#@tim1991f#1683.583#1683.828
96	никто	никто	PRON	_	Case=Nom	_	_	_	@tim1991f-words#@tim1991f#1683.828#1684.073
97	не	не	PART	_	_	_	_	_	@tim1991f-words#@tim1991f#1684.073#1684.318
98	подошел	подойти	VERB	_	Aspect=Perf|Gender=Masc|Mood=Ind|Number=Sing|Tense=Past|VerbForm=Fin|Voice=Act	_	_	_	@tim1991f-words#@tim1991f#1684.318#1684.563
99	/	/	PUNCT	_	_	_	_	_	@tim1991f-words#@tim1991f#1684.563#1684.808
100	и	и	CCONJ	_	_	_	_	_	@tim1991f-words#@tim1991f#1684.808#1685.053
101	не	не	PART	_	_	_	_	_	@tim1991f-words#@tim1991f#1685.053#1685.298
102	/	/	PUNCT	_	_	_	_	_	@tim1991f-words#@tim1991f#1685.298#1685.543
103	начали	начать	VERB	_	Aspect=Perf|Mood=Ind|Number=Plur|Tense=Past|VerbForm=Fin|Voice=Act	_	_	_	@tim1991f-words#@tim1991f#1685.543#1685.788
104	там	там	ADV	_	Degree=Pos	_	_	_	@tim1991f-words#@tim1991f#1685.788#1686.033
105	с	с	ADP	_	_	_	_	_	@tim1991f-words#@tim1991f#1686.033#1686.278
106	тобой	ты	PRON	_	Case=Ins|Number=Sing|Person=2	_	_	_	@tim1991f-words#@tim1991f#1686.278#1686.523
107	что-то	что-то	PRON	_	Case=Acc	_	_	_	@tim1991f-words#@tim1991f#1686.523#1686.768
108	не	не	PART	_	_	_	_	_	@tim1991f-words#@tim1991f#1686.768#1687.013
109	знаю	знать	VERB	_	Aspect=Imp|Mood=Ind|Number=Sing|Person=1|Tense=Pres|VerbForm=Fin|Voice=Act	_	_	_	@tim1991f-words#@tim1991f#1687.013#1687.258
110	там	там	ADV	_	Degree=Pos	_	_	_	@tim1991f-words#@tim1991f#1687.258#1687.503
111	автографы	автограф	NOUN	_	Animacy=Inan|Case=Nom|Gender=Masc|Number=Plur	_	_	_	@tim1991f-words#@tim1991f#1687.503#1687.748
112	не	не	PART	_	_	_	_	_	@tim1991f-words#@tim1991f#1687.748#1687.993
113	автографы	автограф	NOUN	_	Animacy=Inan|Case=Nom|Gender=Masc|Number=Plur	_	_	_	@tim1991f-words#@tim1991f#1687.993#1688.238
114	/	/	PUNCT	_	_	_	_	_	@tim1991f-words#@tim1991f#1688.238#1688.483
115	просто	просто	PART	_	_	_	_	_	@tim1991f-words#@tim1991f#1688.483#1688.728
116	вот	вот	PART	_	_	_	_	_	@tim1991f-words#@tim1991f#1688.728#1688.973
117	выйти	выйти	VERB	_	Aspect=Perf|VerbForm=Inf|Voice=Act	_	_	_	@tim1991f-words#@tim1991f#1688.973#1689.218
118	во	в	ADP	_	_	_	_	_	@tim1991f-words#@tim1991f#1689.218#1689.463
119	двор	двор	NOUN	_	Animacy=Inan|Case=Acc|Gender=Masc|Number=Sing	_	_	_	@tim1991f-words#@tim1991f#1689.463#1689.708
120	на	на	ADP	_	_	_	_	_	@tim1991f-words#@tim1991f#1689.708#1689.953
121	площадку	площадка	NOUN	_	Animacy=Inan|Case=Acc|Gender=Fem|Number=Sing	_	_	_	@tim1991f-words#@tim1991f#1689.953#1690.198
122	и	и	CCONJ	_	_	_	_	_	@tim1991f-words#@tim1991f#1690.198#1690.459
123	ммм	мм	ADJ	_	Animacy=Inan|Case=Acc|Degree=Pos|Gender=Masc|Number=Sing	_	_	_	@tim1991f-words#@tim1991f#1711.532#1711.872
124	это	этот	PRON	_	Animacy=Inan|Case=Nom|Gender=Neut|Number=Sing	_	_	_	@tim1991f-words#@tim1991f#1713.459#1713.999
125	тяжело	тяжелый	ADV	_	Degree=Pos	_	_	_	@tim1991f-words#@tim1991f#1713.999#1714.54
126	правда	правда	ADV	_	Degree=Pos	_	_	_	@tim1991f-words#@tim1991f#1717.786#1718.146
127	что	что	PRON	_	Case=Acc	_	_	_	@tim1991f-words#@tim1991f#1718.146#1718.506
128	вы	вы	PRON	_	Case=Nom|Number=Plur|Person=2	_	_	_	@tim1991f-words#@tim1991f#1718.506#1718.866
129	называли	называть	VERB	_	Aspect=Imp|Mood=Ind|Number=Plur|Tense=Past|VerbForm=Fin|Voice=Act	_	_	_	@tim1991f-words#@tim1991f#1718.866#1719.226
130	/	/	PUNCT	_	_	_	_	_	@tim1991f-words#@tim1991f#1719.226#1719.586
131	актера	актер	NOUN	_	Animacy=Anim|Case=Acc|Gender=Masc|Number=Sing	_	_	_	@tim1991f-words#@tim1991f#1719.586#1719.946
132	который	который	PRON	_	Case=Acc	_	_	_	@tim1991f-words#@tim1991f#1719.946#1720.306
133	играл	играть	VERB	_	Aspect=Imp|Gender=Masc|Mood=Ind|Number=Sing|Tense=Past|VerbForm=Fin|Voice=Act	_	_	_	@tim1991f-words#@tim1991f#1720.306#1720.666
134	отца	отец	NOUN	_	Animacy=Anim|Case=Acc|Gender=Masc|Number=Sing	_	_	_	@tim1991f-words#@tim1991f#1720.666#1721.026
135	/	/	PUNCT	_	_	_	_	_	@tim1991f-words#@tim1991f#1721.026#1721.386
136	папой	папа	NOUN	_	Animacy=Anim|Case=Ins|Gender=Masc|Number=Sing	_	_	_	@tim1991f-words#@tim1991f#1721.386#1721.746
137	даже	даже	PART	_	_	_	_	_	@tim1991f-words#@tim1991f#1721.746#1722.106
138	на	на	ADP	_	_	_	_	_	@tim1991f-words#@tim1991f#1722.106#1722.466
139	съемочной	съемочный	ADJ	_	Case=Loc|Degree=Pos|Gender=Fem|Number=Sing	_	_	_	@tim1991f-words#@tim1991f#1722.466#1722.826
140	площадке	площадка	NOUN	_	Animacy=Inan|Case=Loc|Gender=Fem|Number=Sing	_	_	_	@tim1991f-words#@tim1991f#1722.826#1723.186
141	даже	даже	PART	_	_	_	_	_	@tim1991f-words#@tim1991f#1723.186#1723.546
142	вне	вне	ADP	_	_	_	_	_	@tim1991f-words#@tim1991f#1723.546#1723.906
143	/	/	PUNCT	_	_	_	_	_	@tim1991f-words#@tim1991f#1723.906#1724.266
144	съемок	съемка	NOUN	_	Animacy=Inan|Case=Gen|Gender=Fem|Number=Plur	_	_	_	@tim1991f-words#@tim1991f#1724.266#1724.626
145	?	?	PUNCT	_	_	_	_	_	@tim1991f-words#@tim1991f#1724.626#1725.0
146	почему	почему	ADV	_	Degree=Pos	_	_	_	@tim1991f-words#@tim1991f#1728.114#1728.376
147	?	?	PUNCT	_	_	_	_	_	@tim1991f-words#@tim1991f#1728.376#1728.639
148	твой	твой	DET	_	Case=Nom|Gender=Masc|Number=Sing	_	_	_	@tim1991f-words#@tim1991f#1778.081#1778.253
149	папа	папа	NOUN	_	Animacy=Anim|Case=Nom|Gender=Masc|Number=Sing	_	_	_	@tim1991f-words#@tim1991f#1778.253#1778.425
150	не	не	PART	_	_	_	_	_	@tim1991f-words#@tim1991f#1778.425#1778.597
151	был	быть	AUX	_	Aspect=Imp|Gender=Masc|Mood=Ind|Number=Sing|Tense=Past|VerbForm=Fin|Voice=Act	_	_	_	@tim1991f-words#@tim1991f#1778.597#1778.769
152	против	против	ADP	_	_	_	_	_	@tim1991f-words#@tim1991f#1778.769#1778.941
153	того	то	PRON	_	Animacy=Inan|Case=Gen|Gender=Neut|Number=Sing	_	_	_	@tim1991f-words#@tim1991f#1778.941#1779.113
154	что	что	SCONJ	_	_	_	_	_	@tim1991f-words#@tim1991f#1779.113#1779.285
155	ты	ты	PRON	_	Case=Nom|Number=Sing|Person=2	_	_	_	@tim1991f-words#@tim1991f#1779.285#1779.457
156	так	так	ADV	_	Degree=Pos	_	_	_	@tim1991f-words#@tim1991f#1779.457#1779.629
157	называешь	называть	VERB	_	Aspect=Imp|Mood=Ind|Number=Sing|Person=2|Tense=Pres|VerbForm=Fin|Voice=Act	_	_	_	@tim1991f-words#@tim1991f#1779.629#1779.801
158	?	?	PUNCT	_	_	_	_	_	@tim1991f-words#@tim1991f#1779.801#1779.983
159	а	а	CCONJ	_	_	_	_	_	@tim1991f-words#@tim1991f#1804.196#1804.504
160	скажи	сказать	VERB	_	Aspect=Perf|Mood=Imp|Number=Sing|Person=2|VerbForm=Fin|Voice=Act	_	_	_	@tim1991f-words#@tim1991f#1804.504#1804.812
161	пожалуйста	пожалуйста	ADV	_	Degree=Pos	_	_	_	@tim1991f-words#@tim1991f#1804.812#1805.12
162	ты	ты	PRON	_	Case=Nom|Number=Sing|Person=2	_	_	_	@tim1991f-words#@tim1991f#1805.12#1805.428
163	помнишь	помнить	VERB	_	Aspect=Imp|Mood=Ind|Number=Sing|Person=2|Tense=Pres|VerbForm=Fin|Voice=Act	_	_	_	@tim1991f-words#@tim1991f#1805.428#1805.736
164	/	/	PUNCT	_	_	_	_	_	@tim1991f-words#@tim1991f#1805.736#1806.044
165	день	день	NOUN	_	Animacy=Inan|Case=Nom|Gender=Masc|Number=Sing	_	_	_	@tim1991f-words#@tim1991f#1806.044#1806.352
166	/	/	PUNCT	_	_	_	_	_	@tim1991f-words#@tim1991f#1806.352#1806.66
167	когда	когда	SCONJ	_	_	_	_	_	@tim1991f-words#@tim1991f#1806.66#1806.968
168	закончился	закончиться	VERB	_	Aspect=Perf|Gender=Masc|Mood=Ind|Number=Sing|Tense=Past|VerbForm=Fin|Voice=Mid	_	_	_	@tim1991f-words#@tim1991f#1806.968#1807.276
169	сериал	сериал	NOUN	_	Animacy=Inan|Case=Nom|Gender=Masc|Number=Sing	_	_	_	@tim1991f-words#@tim1991f#1807.276#1807.584
170	?	?	PUNCT	_	_	_	_	_	@tim1991f-words#@tim1991f#1807.584#1807.901
171	потому	потому	ADV	_	Degree=Pos	_	_	_	@tim1991f-words#@tim1991f#1808.36#1808.604
172	что	что	SCONJ	_	_	_	_	_	@tim1991f-words#@tim1991f#1808.604#1808.848
173	насколько	насколько	ADV	_	Degree=Pos	_	_	_	@tim1991f-words#@tim1991f#1808.848#1809.092
174	я	я	PRON	_	Case=Nom|Number=Sing|Person=1	_	_	_	@tim1991f-words#@tim1991f#1809.092#1809.336
175	поняла	понять	VERB	_	Aspect=Perf|Gender=Fem|Mood=Ind|Number=Sing|Tense=Past|VerbForm=Fin|Voice=Act	_	_	_	@tim1991f-words#@tim1991f#1809.336#1809.58
176	из	из	ADP	_	_	_	_	_	@tim1991f-words#@tim1991f#1809.58#1809.824
177	интервью	интервью	NOUN	_	Animacy=Inan|Case=Gen|Gender=Neut|Number=Sing	_	_	_	@tim1991f-words#@tim1991f#1809.824#1810.068
178	все-таки	все-таки	PART	_	_	_	_	_	@tim1991f-words#@tim1991f#1810.068#1810.312
179	для	для	ADP	_	_	_	_	_	@tim1991f-words#@tim1991f#1810.312#1810.556
180	тебя	ты	PRON	_	Case=Gen|Number=Sing|Person=2	_	_	_	@tim1991f-words#@tim1991f#1810.556#1810.8
181	это	это	PRON	_	Animacy=Inan|Case=Nom|Gender=Neut|Number=Sing	_	_	_	@tim1991f-words#@tim1991f#1810.8#1811.044
182	реально	реально	ADV	_	Degree=Pos	_	_	_	@tim1991f-words#@tim1991f#1811.044#1811.288
183	тогда	тогда	ADV	_	Degree=Pos	_	_	_	@tim1991f-words#@tim1991f#1811.288#1811.532
184	была	быть	AUX	_	Aspect=Imp|Gender=Fem|Mood=Ind|Number=Sing|Tense=Past|VerbForm=Fin|Voice=Act	_	_	_	@tim1991f-words#@tim1991f#1811.532#1811.776
185	целая	целый	ADJ	_	Case=Nom|Degree=Pos|Gender=Fem|Number=Sing	_	_	_	@tim1991f-words#@tim1991f#1811.776#1812.02
186	прям	пре	NOUN	_	Animacy=Inan|Case=Dat|Gender=Fem|Number=Plur	_	_	_	@tim1991f-words#@tim1991f#1812.02#1812.264
187	вообще	вообще	ADV	_	Degree=Pos	_	_	_	@tim1991f-words#@tim1991f#1812.264#1812.508
188	вот	вот	PART	_	_	_	_	_	@tim1991f-words#@tim1991f#1812.508#1812.752
189	прям	пре	NOUN	_	Animacy=Inan|Case=Dat|Gender=Fem|Number=Plur	_	_	_	@tim1991f-words#@tim1991f#1812.752#1812.996
190	целая	целый	ADJ	_	Case=Nom|Degree=Pos|Gender=Fem|Number=Sing	_	_	_	@tim1991f-words#@tim1991f#1812.996#1813.24
191	/	/	PUNCT	_	_	_	_	_	@tim1991f-words#@tim1991f#1813.24#1813.484
192	ну	ну	PART	_	_	_	_	_	@tim1991f-words#@tim1991f#1813.484#1813.728
193	то	то	PRON	_	Animacy=Inan|Case=Nom|Gender=Neut|Number=Sing	_	_	_	@tim1991f-words#@tim1991f#1813.728#1813.972
194	есть	быть	VERB	_	Aspect=Imp|Mood=Ind|Number=Sing|Person=3|Tense=Pres|VerbForm=Fin|Voice=Act	_	_	_	@tim1991f-words#@tim1991f#1813.972#1814.229
195	когда	когда	SCONJ	_	_	_	_	_	@tim1991f-words#@tim1991f#1814.901#1815.12
196	ты	ты	PRON	_	Case=Nom|Number=Sing|Person=2	_	_	_	@tim1991f-words#@tim1991f#1815.12#1815.339
197	в	в	ADP	_	_	_	_	_	@tim1991f-words#@tim1991f#1815.339#1815.558
198	пять	пять	NUM	_	Case=Acc	_	_	_	@tim1991f-words#@tim1991f#1815.558#1815.777
199	лет	год	NOUN	_	Animacy=Inan|Case=Gen|Gender=Masc|Number=Plur	_	_	_	@tim1991f-words#@tim1991f#1815.777#1815.996
200	чем-то	что-то	PRON	_	Case=Ins	_	_	_	@tim1991f-words#@tim1991f#1815.996#1816.215
201	начинаешь	начинать	VERB	_	Aspect=Imp|Mood=Ind|Number=Sing|Person=2|Tense=Pres|VerbForm=Fin|Voice=Act	_	_	_	@tim1991f-words#@tim1991f#1816.215#1816.434
202	заниматься	заниматься	VERB	_	Aspect=Imp|VerbForm=Inf|Voice=Mid	_	_	_	@tim1991f-words#@tim1991f#1816.434#1816.653
203	и	и	CCONJ	_	_	_	_	_	@tim1991f-words#@tim1991f#1816.653#1816.872
204	занимаешься	заниматься	VERB	_	Aspect=Imp|Mood=Ind|Number=Sing|Person=2|Tense=Pres|VerbForm=Fin|Voice=Mid	_	_	_	@tim1991f-words#@tim1991f#1816.872#1817.091
205	этим	этот	DET	_	Case=Dat|Number=Plur	_	_	_	@tim1991f-words#@tim1991f#1817.091#1817.31
206	шесть	шесть	NUM	_	Case=Acc	_	_	_	@tim1991f-words#@tim1991f#1817.31#1817.529
207	лет	год	NOUN	_	Animacy=Inan|Case=Gen|Gender=Masc|Number=Plur	_	_	_	@tim1991f-words#@tim1991f#1817.529#1817.748
208	/	/	PUNCT	_	_	_	_	_	@tim1991f-words#@tim1991f#1817.748#1817.967
209	то	то	SCONJ	_	_	_	_	_	@tim1991f-words#@tim1991f#1817.967#1818.186
210	ты	ты	PRON	_	Case=Nom|Number=Sing|Person=2	_	_	_	@tim1991f-words#@tim1991f#1818.186#1818.405
211	наверное	наверное	ADV	_	Degree=Pos	_	_	_	@tim1991f-words#@tim1991f#1818.405#1818.624
212	думаешь	думать	VERB	_	Aspect=Imp|Mood=Ind|Number=Sing|Person=2|Tense=Pres|VerbForm=Fin|Voice=Act	_	_	_	@tim1991f-words#@tim1991f#1818.624#1818.843
213	то	то	SCONJ	_	_	_	_	_	@tim1991f-words#@tim1991f#1818.843#1819.062
214	что	что	PRON	_	Case=Nom	_	_	_	@tim1991f-words#@tim1991f#1819.062#1819.281
215	все	весь	DET	_	Case=Acc|Gender=Neut|Number=Sing	_	_	_	@tim1991f-words#@tim1991f#1819.281#1819.5
216	это	это	PRON	_	Animacy=Inan|Case=Acc|Gender=Neut|Number=Sing	_	_	_	@tim1991f-words#@tim1991f#1819.5#1819.719
217	вся	весь	DET	_	Case=Nom|Gender=Fem|Number=Sing	_	_	_	@tim1991f-words#@tim1991f#1819.719#1819.938
218	твоя	твой	DET	_	Case=Nom|Gender=Fem|Number=Sing	_	_	_	@tim1991f-words#@tim1991f#1819.938#1820.157
219	жизнь	жизнь	NOUN	_	Animacy=Inan|Case=Nom|Gender=Fem|Number=Sing	_	_	_	@tim1991f-words#@tim1991f#1820.157#1820.376
220	/	/	PUNCT	_	_	_	_	_	@tim1991f-words#@tim1991f#1820.376#1820.595
221	а	а	CCONJ	_	_	_	_	_	@tim1991f-words#@tim1991f#1820.595#1820.814
222	потом	потом	ADV	_	Degree=Pos	_	_	_	@tim1991f-words#@tim1991f#1820.814#1821.033
223	в	в	ADP	_	_	_	_	_	@tim1991f-words#@tim1991f#1821.033#1821.252
224	какой-то	какой-то	DET	_	Case=Acc|Gender=Masc|Number=Sing	_	_	_	@tim1991f-words#@tim1991f#1821.252#1821.471
225	момент	момент	NOUN	_	Animacy=Inan|Case=Acc|Gender=Masc|Number=Sing	_	_	_	@tim1991f-words#@tim1991f#1821.471#1821.69
226	ты	ты	PRON	_	Case=Nom|Number=Sing|Person=2	_	_	_	@tim1991f-words#@tim1991f#1821.69#1821.909
227	понимаешь	понимать	VERB	_	Aspect=Imp|Mood=Ind|Number=Sing|Person=2|Tense=Pres|VerbForm=Fin|Voice=Act	_	_	_	@tim1991f-words#@tim1991f#1821.909#1822.128
228	то	то	SCONJ	_	_	_	_	_	@tim1991f-words#@tim1991f#1822.128#1822.347
229	что	что	PRON	_	Case=Nom	_	_	_	@tim1991f-words#@tim1991f#1822.347#1822.566
230	вот	вот	PART	_	_	_	_	_	@tim1991f-words#@tim1991f#1822.566#1822.785
231	сегодня	сегодня	ADV	_	Degree=Pos	_	_	_	@tim1991f-words#@tim1991f#1822.785#1823.004
232	заканчиваются	заканчивать	VERB	_	Aspect=Imp|Mood=Ind|Number=Plur|Person=3|Tense=Pres|VerbForm=Fin|Voice=Mid	_	_	_	@tim1991f-words#@tim1991f#1823.004#1823.223
233	/	/	PUNCT	_	_	_	_	_	@tim1991f-words#@tim1991f#1823.223#1823.442
234	съемки	съемка	NOUN	_	Animacy=Inan|Case=Nom|Gender=Fem|Number=Plur	_	_	_	@tim1991f-words#@tim1991f#1823.442#1823.661
235	/	/	PUNCT	_	_	_	_	_	@tim1991f-words#@tim1991f#1823.661#1823.88
236	и	и	CCONJ	_	_	_	_	_	@tim1991f-words#@tim1991f#1823.88#1824.099
237	все	весь	DET	_	Case=Nom|Number=Plur	_	_	_	@tim1991f-words#@tim1991f#1824.099#1824.327
238	ты	ты	PRON	_	Case=Nom|Number=Sing|Person=2	_	_	_	@tim1991f-words#@tim1991f#1825.016#1825.288
239	помнишь	помнить	VERB	_	Aspect=Perf|Mood=Ind|Number=Sing|Person=2|Tense=Fut|VerbForm=Fin|Voice=Act	_	_	_	@tim1991f-words#@tim1991f#1825.288#1825.56
240	этот	этот	DET	_	Case=Acc|Gender=Masc|Number=Sing	_	_	_	@tim1991f-words#@tim1991f#1825.56#1825.832
241	день	день	NOUN	_	Animacy=Inan|Case=Acc|Gender=Masc|Number=Sing	_	_	_	@tim1991f-words#@tim1991f#1825.832#1826.104
242	?	?	PUNCT	_	_	_	_	_	@tim1991f-words#@tim1991f#1826.104#1826.376
243	/	/	PUNCT	_	_	_	_	_	@tim1991f-words#@tim1991f#1826.376#1826.648
244	последний	последний	ADJ	_	Case=Nom|Degree=Pos|Gender=Masc|Number=Sing	_	_	_	@tim1991f-words#@tim1991f#1826.648#1826.92
245	съемочный	съемочный	NOUN	_	Animacy=Anim|Case=Nom|Gender=Masc|Number=Sing	_	_	_	@tim1991f-words#@tim1991f#1826.92#1827.196
246	ну	ну	PART	_	_	_	_	_	@tim1991f-words#@tim1991f#1878.918#1879.127
247	вообще	вообще	ADV	_	Degree=Pos	_	_	_	@tim1991f-words#@tim1991f#1879.127#1879.336
248	вот	вот	PART	_	_	_	_	_	@tim1991f-words#@tim1991f#1879.336#1879.545
249	там	там	ADV	_	Degree=Pos	_	_	_	@tim1991f-words#@tim1991f#1879.545#1879.754
250	я	я	PRON	_	Case=Nom|Number=Sing|Person=1	_	_	_	@tim1991f-words#@tim1991f#1879.754#1879.963
251	не	не	PART	_	_	_	_	_	@tim1991f-words#@tim1991f#1879.963#1880.172
252	знаю	знать	VERB	_	Aspect=Imp|Mood=Ind|Number=Sing|Person=1|Tense=Pres|VerbForm=Fin|Voice=Act	_	_	_	@tim1991f-words#@tim1991f#1880.172#1880.381
253	в	в	ADP	_	_	_	_	_	@tim1991f-words#@tim1991f#1880.381#1880.59
254	кино	кино	NOUN	_	Animacy=Inan|Case=Loc|Gender=Neut|Number=Sing	_	_	_	@tim1991f-words#@tim1991f#1880.59#1880.799
255	/	/	PUNCT	_	_	_	_	_	@tim1991f-words#@tim1991f#1880.799#1881.008
256	в	в	ADP	_	_	_	_	_	@tim1991f-words#@tim1991f#1881.008#1881.217
257	сериалах	сериал	NOUN	_	Animacy=Inan|Case=Loc|Gender=Masc|Number=Plur	_	_	_	@tim1991f-words#@tim1991f#1881.217#1881.426
258	/	/	PUNCT	_	_	_	_	_	@tim1991f-words#@tim1991f#1881.426#1881.635
259	когда	когда	SCONJ	_	_	_	_	_	@tim1991f-words#@tim1991f#1881.635#1881.844
260	твой	твой	DET	_	Case=Nom|Gender=Masc|Number=Sing	_	_	_	@tim1991f-words#@tim1991f#1881.844#1882.053
261	/	/	PUNCT	_	_	_	_	_	@tim1991f-words#@tim1991f#1882.053#1882.262
262	когда	когда	SCONJ	_	_	_	_	_	@tim1991f-words#@tim1991f#1882.262#1882.471
263	ты	ты	PRON	_	Case=Nom|Number=Sing|Person=2	_	_	_	@tim1991f-words#@tim1991f#1882.471#1882.68
264	последний	последний	ADJ	_	Animacy=Inan|Case=Acc|Degree=Pos|Gender=Masc|Number=Sing	_	_	_	@tim1991f-words#@tim1991f#1882.68#1882.889
265	раз	раз	NOUN	_	Animacy=Inan|Case=Acc|Gender=Masc|Number=Sing	_	_	_	@tim1991f-words#@tim1991f#1882.889#1883.098
266	вот	вот	PART	_	_	_	_	_	@tim1991f-words#@tim1991f#1883.098#1883.307
267	последний	последний	ADJ	_	Animacy=Inan|Case=Acc|Degree=Pos|Gender=Masc|Number=Sing	_	_	_	@tim1991f-words#@tim1991f#1883.307#1883.516
268	раз	раз	NOUN	_	Animacy=Inan|Case=Acc|Gender=Masc|Number=Sing	_	_	_	@tim1991f-words#@tim1991f#1883.516#1883.725
269	когда	когда	SCONJ	_	_	_	_	_	@tim1991f-words#@tim1991f#1883.725#1883.934
270	у	у	ADP	_	_	_	_	_	@tim1991f-words#@tim1991f#1883.934#1884.143
271	тебя	ты	PRON	_	Case=Gen|Number=Sing|Person=2	_	_	_	@tim1991f-words#@tim1991f#1884.143#1884.352
272	был	быть	AUX	_	Aspect=Imp|Gender=Masc|Mood=Ind|Number=Sing|Tense=Past|VerbForm=Fin|Voice=Act	_	_	_	@tim1991f-words#@tim1991f#1884.352#1884.561
273	какой-то	какой-то	DET	_	Case=Nom|Gender=Masc|Number=Sing	_	_	_	@tim1991f-words#@tim1991f#1884.561#1884.77
274	съемочный	съемочный	ADJ	_	Case=Nom|Degree=Pos|Gender=Masc|Number=Sing	_	_	_	@tim1991f-words#@tim1991f#1884.77#1884.979
275	день	день	NOUN	_	Animacy=Inan|Case=Nom|Gender=Masc|Number=Sing	_	_	_	@tim1991f-words#@tim1991f#1884.979#1885.196
276	ой	ой	NOUN	_	Animacy=Inan|Case=Ins|Gender=Fem|Number=Sing	_	_	_	@eis2001f-words#@eis2001f#1610.852#1611.205
277	это	это	PRON	_	Animacy=Inan|Case=Nom|Gender=Neut|Number=Sing	_	_	_	@eis2001f-words#@eis2001f#1611.205#1611.558
278	была	быть	AUX	_	Aspect=Imp|Gender=Fem|Mood=Ind|Number=Sing|Tense=Past|VerbForm=Fin|Voice=Act	_	_	_	@eis2001f-words#@eis2001f#1611.558#1611.911
279	целая	целый	ADJ	_	Case=Nom|Degree=Pos|Gender=Fem|Number=Sing	_	_	_	@eis2001f-words#@eis2001f#1611.911#1612.264
280	методика	методика	NOUN	_	Animacy=Inan|Case=Nom|Gender=Fem|Number=Sing	_	_	_	@eis2001f-words#@eis2001f#1612.264#1612.617
281	/	/	PUNCT	_	_	_	_	_	@eis2001f-words#@eis2001f#1612.617#1612.97
282	там	там	ADV	_	Degree=Pos	_	_	_	@eis2001f-words#@eis2001f#1612.97#1613.323
283	мама	мама	NOUN	_	Animacy=Anim|Case=Nom|Gender=Fem|Number=Sing	_	_	_	@eis2001f-words#@eis2001f#1613.323#1613.676
284	с	с	ADP	_	_	_	_	_	@eis2001f-words#@eis2001f#1613.676#1614.029
285	бабушкой	бабушка	NOUN	_	Animacy=Anim|Case=Ins|Gender=Fem|Number=Sing	_	_	_	@eis2001f-words#@eis2001f#1614.029#1614.382
286	начинали	начинать	VERB	_	Aspect=Imp|Mood=Ind|Number=Plur|Tense=Past|VerbForm=Fin|Voice=Act	_	_	_	@eis2001f-words#@eis2001f#1614.382#1614.735
287	со	с	ADP	_	_	_	_	_	@eis2001f-words#@eis2001f#1614.735#1615.088
288	мной	я	PRON	_	Case=Ins|Number=Sing|Person=1	_	_	_	@eis2001f-words#@eis2001f#1615.088#1615.441
289	учить	учить	VERB	_	Aspect=Imp|VerbForm=Inf|Voice=Act	_	_	_	@eis2001f-words#@eis2001f#1615.441#1615.794
290	сценарий	сценарий	NOUN	_	Animacy=Inan|Case=Acc|Gender=Masc|Number=Sing	_	_	_	@eis2001f-words#@eis2001f#1615.794#1616.147
291	как	как	ADV	_	Degree=Pos	_	_	_	@eis2001f-words#@eis2001f#1616.147#1616.5
292	бы	бы	PART	_	_	_	_	_	@eis2001f-words#@eis2001f#1616.5#1616.853
293	вот	вот	PART	_	_	_	_	_	@eis2001f-words#@eis2001f#1616.853#1617.206
294	вечером	вечер	NOUN	_	Animacy=Inan|Case=Ins|Gender=Masc|Number=Sing	_	_	_	@eis2001f-words#@eis2001f#1617.206#1617.559
295	/	/	PUNCT	_	_	_	_	_	@eis2001f-words#@eis2001f#1617.559#1617.912
296	предыдущего	предыдущий	ADJ	_	Case=Gen|Degree=Pos|Gender=Masc|Number=Sing	_	_	_	@eis2001f-words#@eis2001f#1617.912#1618.265
297	дня	день	NOUN	_	Animacy=Inan|Case=Gen|Gender=Masc|Number=Sing	_	_	_	@eis2001f-words#@eis2001f#1618.265#1618.618
298	получается	получаться	VERB	_	Aspect=Imp|Mood=Ind|Number=Sing|Person=3|Tense=Pres|VerbForm=Fin|Voice=Mid	_	_	_	@eis2001f-words#@eis2001f#1618.618#1618.971
299	накануне	накануне	ADV	_	Degree=Pos	_	_	_	@eis2001f-words#@eis2001f#1618.971#1619.324
300	/	/	PUNCT	_	_	_	_	_	@eis2001f-words#@eis2001f#1619.324#1619.677
301	дня	день	NOUN	_	Animacy=Inan|Case=Gen|Gender=Masc|Number=Sing	_	_	_	@eis2001f-words#@eis2001f#1619.677#1620.03
302	съемок	съемка	NOUN	_	Animacy=Inan|Case=Gen|Gender=Fem|Number=Plur	_	_	_	@eis2001f-words#@eis2001f#1620.03#1620.383
303	/	/	PUNCT	_	_	_	_	_	@eis2001f-words#@eis2001f#1620.383#1620.736
304	просто	просто	PART	_	_	_	_	_	@eis2001f-words#@eis2001f#1620.736#1621.089
305	мама	мама	NOUN	_	Animacy=Anim|Case=Nom|Gender=Fem|Number=Sing	_	_	_	@eis2001f-words#@eis2001f#1621.089#1621.442
306	мне	я	PRON	_	Case=Dat|Number=Sing|Person=1	_	_	_	@eis2001f-words#@eis2001f#1621.442#1621.795
307	зачитывала	зачитывать	VERB	_	Aspect=Perf|Gender=Fem|Mood=Ind|Number=Sing|Tense=Past|VerbForm=Fin|Voice=Act	_	_	_	@eis2001f-words#@eis2001f#1621.795#1622.148
308	мой	мой	DET	_	Case=Acc|Gender=Masc|Number=Sing	_	_	_	@eis2001f-words#@eis2001f#1622.148#1622.501
309	текст	текст	NOUN	_	Animacy=Inan|Case=Acc|Gender=Masc|Number=Sing	_	_	_	@eis2001f-words#@eis2001f#1622.501#1622.854
310	/	/	PUNCT	_	_	_	_	_	@eis2001f-words#@eis2001f#1622.854#1623.207
311	и	и	CCONJ	_	_	_	_	_	@eis2001f-words#@eis2001f#1623.207#1623.56
312	я	я	PRON	_	Case=Nom|Number=Sing|Person=1	_	_	_	@eis2001f-words#@eis2001f#1623.56#1623.913
313	его	он	PRON	_	Case=Acc|Gender=Masc|Number=Sing|Person=3	_	_	_	@eis2001f-words#@eis2001f#1623.913#1624.266
314	повторяла	повторять	VERB	_	Aspect=Imp|Gender=Fem|Mood=Ind|Number=Sing|Tense=Past|VerbForm=Fin|Voice=Act	_	_	_	@eis2001f-words#@eis2001f#1624.266#1624.619
315	/	/	PUNCT	_	_	_	_	_	@eis2001f-words#@eis2001f#1624.619#1624.972
316	потом	потом	ADV	_	Degree=Pos	_	_	_	@eis2001f-words#@eis2001f#1624.972#1625.325
317	мы	мы	PRON	_	Case=Nom|Number=Plur|Person=1	_	_	_	@eis2001f-words#@eis2001f#1625.325#1625.678
318	проходили	проходить	VERB	_	Aspect=Imp|Mood=Ind|Number=Plur|Tense=Past|VerbForm=Fin|Voice=Act	_	_	_	@eis2001f-words#@eis2001f#1625.678#1626.031
319	там	там	ADV	_	Degree=Pos	_	_	_	@eis2001f-words#@eis2001f#1626.031#1626.384
320	вместе	вместе	ADV	_	Degree=Pos	_	_	_	@eis2001f-words#@eis2001f#1626.384#1626.737
321	с	с	ADP	_	_	_	_	_	@eis2001f-words#@eis2001f#1626.737#1627.09
322	остальными	остальной	ADJ	_	Case=Ins|Degree=Pos|Number=Plur	_	_	_	@eis2001f-words#@eis2001f#1627.09#1627.443
323	актерами	актер	NOUN	_	Animacy=Anim|Case=Ins|Gender=Masc|Number=Plur	_	_	_	@eis2001f-words#@eis2001f#1627.443#1627.796
324	/	/	PUNCT	_	_	_	_	_	@eis2001f-words#@eis2001f#1627.796#1628.149
325	то	то	PRON	_	Animacy=Inan|Case=Nom|Gender=Neut|Number=Sing	_	_	_	@eis2001f-words#@eis2001f#1628.149#1628.502
326	есть	быть	VERB	_	Aspect=Imp|Mood=Ind|Number=Sing|Person=3|Tense=Pres|VerbForm=Fin|Voice=Act	_	_	_	@eis2001f-words#@eis2001f#1628.502#1628.855
327	она	она	PRON	_	Case=Nom|Gender=Fem|Number=Sing|Person=3	_	_	_	@eis2001f-words#@eis2001f#1628.855#1629.208
328	читала	читать	VERB	_	Aspect=Imp|Gender=Fem|Mood=Ind|Number=Sing|Tense=Past|VerbForm=Fin|Voice=Act	_	_	_	@eis2001f-words#@eis2001f#1629.208#1629.561
329	за	за	ADP	_	_	_	_	_	@eis2001f-words#@eis2001f#1629.561#1629.914
330	других	другой	ADJ	_	Case=Gen|Degree=Pos|Number=Plur	_	_	_	@eis2001f-words#@eis2001f#1629.914#1630.267
331	я	я	PRON	_	Case=Nom|Number=Sing|Person=1	_	_	_	@eis2001f-words#@eis2001f#1630.267#1630.62
332	говорила	говорить	VERB	_	Aspect=Imp|Gender=Fem|Mood=Ind|Number=Sing|Tense=Past|VerbForm=Fin|Voice=Act	_	_	_	@eis2001f-words#@eis2001f#1630.62#1630.973
333	свой	свой	DET	_	Case=Acc|Gender=Masc|Number=Sing	_	_	_	@eis2001f-words#@eis2001f#1630.973#1631.326
334	текст	текст	NOUN	_	Animacy=Inan|Case=Acc|Gender=Masc|Number=Sing	_	_	_	@eis2001f-words#@eis2001f#1631.326#1631.721
335	уроки	урок	NOUN	_	Animacy=Inan|Case=Acc|Gender=Masc|Number=Plur	_	_	_	@eis2001f-words#@eis2001f#1643.213#1643.53
336	я	я	PRON	_	Case=Nom|Number=Sing|Person=1	_	_	_	@eis2001f-words#@eis2001f#1643.53#1643.847
337	могла	мочь	VERB	_	Aspect=Imp|Gender=Fem|Mood=Ind|Number=Sing|Tense=Past|VerbForm=Fin|Voice=Act	_	_	_	@eis2001f-words#@eis2001f#1643.847#1644.164
338	делать	делать	VERB	_	Aspect=Imp|VerbForm=Inf|Voice=Act	_	_	_	@eis2001f-words#@eis2001f#1644.164#1644.481
339	просто	просто	PART	_	_	_	_	_	@eis2001f-words#@eis2001f#1644.481#1644.798
340	вот	вот	PART	_	_	_	_	_	@eis2001f-words#@eis2001f#1644.798#1645.115
341	/	/	PUNCT	_	_	_	_	_	@eis2001f-words#@eis2001f#1645.115#1645.432
342	ммм	мм	NOUN	_	Animacy=Inan|Case=Nom|Gender=Masc|Number=Sing	_	_	_	@eis2001f-words#@eis2001f#1645.432#1645.749
343	/	/	PUNCT	_	_	_	_	_	@eis2001f-words#@eis2001f#1645.749#1646.066
344	на	на	ADP	_	_	_	_	_	@eis2001f-words#@eis2001f#1646.066#1646.383
345	съемочной	съемочный	ADJ	_	Case=Loc|Degree=Pos|Gender=Fem|Number=Sing	_	_	_	@eis2001f-words#@eis2001f#1646.383#1646.7
346	площадке	площадка	NOUN	_	Animacy=Inan|Case=Loc|Gender=Fem|Number=Sing	_	_	_	@eis2001f-words#@eis2001f#1646.7#1647.017
347	считай	считать	VERB	_	Aspect=Imp|Mood=Imp|Number=Sing|Person=2|VerbForm=Fin|Voice=Act	_	_	_	@eis2001f-words#@eis2001f#1647.017#1647.344
348	ну	ну	PART	_	_	_	_	_	@eis2001f-words#@eis2001f#1647.721#1648.002
349	там	там	ADV	_	Degree=Pos	_	_	_	@eis2001f-words#@eis2001f#1648.002#1648.283
350	были	быть	AUX	_	Aspect=Imp|Mood=Ind|Number=Plur|Tense=Past|VerbForm=Fin|Voice=Act	_	_	_	@eis2001f-words#@eis2001f#1648.283#1648.564
351	достаточно	достаточно	ADV	_	Degree=Pos	_	_	_	@eis2001f-words#@eis2001f#1648.564#1648.845
352	большие	большой	ADJ	_	Animacy=Inan|Case=Acc|Degree=Pos|Number=Plur	_	_	_	@eis2001f-words#@eis2001f#1648.845#1649.126
353	интервалы	интервал	NOUN	_	Animacy=Inan|Case=Acc|Gender=Masc|Number=Plur	_	_	_	@eis2001f-words#@eis2001f#1649.126#1649.407
354	между	между	ADP	_	_	_	_	_	@eis2001f-words#@eis2001f#1649.407#1649.688
355	съемками	съемка	NOUN	_	Animacy=Inan|Case=Ins|Gender=Fem|Number=Plur	_	_	_	@eis2001f-words#@eis2001f#1649.688#1649.969
356	сцен	сцена	NOUN	_	Animacy=Inan|Case=Gen|Gender=Fem|Number=Plur	_	_	_	@eis2001f-words#@eis2001f#1649.969#1650.25
357	/	/	PUNCT	_	_	_	_	_	@eis2001f-words#@eis2001f#1650.25#1650.531
358	там	там	ADV	_	Degree=Pos	_	_	_	@eis2001f-words#@eis2001f#1650.531#1650.812
359	/	/	PUNCT	_	_	_	_	_	@eis2001f-words#@eis2001f#1650.812#1651.093
360	просто	просто	PART	_	_	_	_	_	@eis2001f-words#@eis2001f#1651.093#1651.374
361	нужно	нужный	ADJ	_	Degree=Pos|Gender=Neut|Number=Sing|Variant=Short	_	_	_	@eis2001f-words#@eis2001f#1651.374#1651.655
362	было	быть	AUX	_	Aspect=Imp|Gender=Neut|Mood=Ind|Number=Sing|Tense=Past|VerbForm=Fin|Voice=Act	_	_	_	@eis2001f-words#@eis2001f#1651.655#1651.936
363	подготовить	подготовить	VERB	_	Aspect=Perf|VerbForm=Inf|Voice=Act	_	_	_	@eis2001f-words#@eis2001f#1651.936#1652.217
364	свет	свет	NOUN	_	Animacy=Inan|Case=Acc|Gender=Masc|Number=Sing	_	_	_	@eis2001f-words#@eis2001f#1652.217#1652.498
365	/	/	PUNCT	_	_	_	_	_	@eis2001f-words#@eis2001f#1652.498#1652.779
366	нужно	нужный	ADJ	_	Degree=Pos|Gender=Neut|Number=Sing|Variant=Short	_	_	_	@eis2001f-words#@eis2001f#1652.779#1653.06
367	было	быть	AUX	_	Aspect=Imp|Gender=Neut|Mood=Ind|Number=Sing|Tense=Past|VerbForm=Fin|Voice=Act	_	_	_	@eis2001f-words#@eis2001f#1653.06#1653.341
368	еще	еще	ADV	_	Degree=Pos	_	_	_	@eis2001f-words#@eis2001f#1653.341#1653.622
369	какие-то	какой-то	DET	_	Case=Acc|Number=Plur	_	_	_	@eis2001f-words#@eis2001f#1653.622#1653.903
370	технические	технический	ADJ	_	Animacy=Inan|Case=Acc|Degree=Pos|Number=Plur	_	_	_	@eis2001f-words#@eis2001f#1653.903#1654.184
371	работы	работа	NOUN	_	Animacy=Inan|Case=Acc|Gender=Fem|Number=Plur	_	_	_	@eis2001f-words#@eis2001f#1654.184#1654.465
372	проделать	проделать	VERB	_	Aspect=Perf|VerbForm=Inf|Voice=Act	_	_	_	@eis2001f-words#@eis2001f#1654.465#1654.746
373	/	/	PUNCT	_	_	_	_	_	@eis2001f-words#@eis2001f#1654.746#1655.027
374	актеры	актер	NOUN	_	Animacy=Anim|Case=Nom|Gender=Masc|Number=Plur	_	_	_	@eis2001f-words#@eis2001f#1655.027#1655.308
375	в	в	ADP	_	_	_	_	_	@eis2001f-words#@eis2001f#1655.308#1655.589
376	это	этот	DET	_	Case=Acc|Gender=Neut|Number=Sing	_	_	_	@eis2001f-words#@eis2001f#1655.589#1655.87
377	время	время	NOUN	_	Animacy=Inan|Case=Acc|Gender=Neut|Number=Sing	_	_	_	@eis2001f-words#@eis2001f#1655.87#1656.151
378	были	быть	AUX	_	Aspect=Imp|Mood=Ind|Number=Plur|Tense=Past|VerbForm=Fin|Voice=Act	_	_	_	@eis2001f-words#@eis2001f#1656.151#1656.432
379	свободны	свободный	ADJ	_	Degree=Pos|Number=Plur|Variant=Short	_	_	_	@eis2001f-words#@eis2001f#1656.432#1656.713
380	у	у	ADP	_	_	_	_	_	@eis2001f-words#@eis2001f#1656.713#1656.994
381	меня	я	PRON	_	Case=Gen|Number=Sing|Person=1	_	_	_	@eis2001f-words#@eis2001f#1656.994#1657.275
382	было	быть	VERB	_	Aspect=Imp|Gender=Neut|Mood=Ind|Number=Sing|Tense=Past|VerbForm=Fin|Voice=Act	_	_	_	@eis2001f-words#@eis2001f#1657.275#1657.556
383	время	время	NOUN	_	Animacy=Inan|Case=Nom|Gender=Neut|Number=Sing	_	_	_	@eis2001f-words#@eis2001f#1657.556#1657.837
384	на	на	ADP	_	_	_	_	_	@eis2001f-words#@eis2001f#1657.837#1658.118
385	то	то	PRON	_	Animacy=Inan|Case=Acc|Gender=Neut|Number=Sing	_	_	_	@eis2001f-words#@eis2001f#1658.118#1658.399
386	чтобы	чтобы	SCONJ	_	Mood=Cnd	_	_	_	@eis2001f-words#@eis2001f#1658.399#1658.68
387	поделать	делать	VERB	_	Aspect=Perf|VerbForm=Inf|Voice=Act	_	_	_	@eis2001f-words#@eis2001f#1658.68#1658.961
388	уроки	урок	NOUN	_	Animacy=Inan|Case=Acc|Gender=Masc|Number=Plur	_	_	_	@eis2001f-words#@eis2001f#1658.961#1659.278
389	вот	вот	PART	_	_	_	_	_	@eis2001f-words#@eis2001f#1660.688#1660.961
390	/	/	PUNCT	_	_	_	_	_	@eis2001f-words#@eis2001f#1660.961#1661.234
391	но	но	CCONJ	_	_	_	_	_	@eis2001f-words#@eis2001f#1661.234#1661.507
392	учителя	учитель	NOUN	_	Animacy=Anim|Case=Nom|Gender=Masc|Number=Plur	_	_	_	@eis2001f-words#@eis2001f#1661.507#1661.78
393	/	/	PUNCT	_	_	_	_	_	@eis2001f-words#@eis2001f#1661.78#1662.053
394	я	я	PRON	_	Case=Nom|Number=Sing|Person=1	_	_	_	@eis2001f-words#@eis2001f#1662.053#1662.326
395	не	не	PART	_	_	_	_	_	@eis2001f-words#@eis2001f#1662.326#1662.599
396	могу	мочь	VERB	_	Aspect=Imp|Mood=Ind|Number=Sing|Person=1|Tense=Pres|VerbForm=Fin|Voice=Act	_	_	_	@eis2001f-words#@eis2001f#1662.599#1662.872
397	сказать	сказать	VERB	_	Aspect=Perf|VerbForm=Inf|Voice=Act	_	_	_	@eis2001f-words#@eis2001f#1662.872#1663.145
398	что	что	PRON	_	Case=Acc	_	_	_	@eis2001f-words#@eis2001f#1663.145#1663.418
399	они	они	PRON	_	Case=Nom|Number=Plur|Person=3	_	_	_	@eis2001f-words#@eis2001f#1663.418#1663.691
400	как-то	как-то	ADV	_	Degree=Pos	_	_	_	@eis2001f-words#@eis2001f#1663.691#1663.964
401	по-особенному	по-особенному	ADV	_	Degree=Pos	_	_	_	@eis2001f-words#@eis2001f#1663.964#1664.237
402	ко	к	ADP	_	_	_	_	_	@eis2001f-words#@eis2001f#1664.237#1664.51
403	мне	я	PRON	_	Case=Dat|Number=Sing|Person=1	_	_	_	@eis2001f-words#@eis2001f#1664.51#1664.783
404	относились	относиться	VERB	_	Aspect=Imp|Mood=Ind|Number=Plur|Tense=Past|VerbForm=Fin|Voice=Mid	_	_	_	@eis2001f-words#@eis2001f#1664.783#1665.056
405	они	они	PRON	_	Case=Nom|Number=Plur|Person=3	_	_	_	@eis2001f-words#@eis2001f#1665.056#1665.329
406	не	не	PART	_	_	_	_	_	@eis2001f-words#@eis2001f#1665.329#1665.602
407	делали	делать	VERB	_	Aspect=Imp|Mood=Ind|Number=Plur|Tense=Past|VerbForm=Fin|Voice=Act	_	_	_	@eis2001f-words#@eis2001f#1665.602#1665.875
408	мне	я	PRON	_	Case=Dat|Number=Sing|Person=1	_	_	_	@eis2001f-words#@eis2001f#1665.875#1666.148
409	никаких	никакой	DET	_	Case=Gen|Number=Plur	_	_	_	@eis2001f-words#@eis2001f#1666.148#1666.421
410	поблажек	поблажка	NOUN	_	Animacy=Inan|Case=Gen|Gender=Fem|Number=Plur	_	_	_	@eis2001f-words#@eis2001f#1666.421#1666.694
411	но	но	CCONJ	_	_	_	_	_	@eis2001f-words#@eis2001f#1666.694#1666.967
412	понятно	понятный	ADV	_	Degree=Pos	_	_	_	@eis2001f-words#@eis2001f#1666.967#1667.24
413	что	что	SCONJ	_	_	_	_	_	@eis2001f-words#@eis2001f#1667.24#1667.513
414	/	/	PUNCT	_	_	_	_	_	@eis2001f-words#@eis2001f#1667.513#1667.786
415	иногда	иногда	ADV	_	Degree=Pos	_	_	_	@eis2001f-words#@eis2001f#1667.786#1668.059
416	я	я	PRON	_	Case=Nom|Number=Sing|Person=1	_	_	_	@eis2001f-words#@eis2001f#1668.059#1668.332
417	могла	мочь	VERB	_	Aspect=Imp|Gender=Fem|Mood=Ind|Number=Sing|Tense=Past|VerbForm=Fin|Voice=Act	_	_	_	@eis2001f-words#@eis2001f#1668.332#1668.605
418	прийти	прийти	VERB	_	Aspect=Perf|VerbForm=Inf|Voice=Act	_	_	_	@eis2001f-words#@eis2001f#1668.605#1668.878
419	в	в	ADP	_	_	_	_	_	@eis2001f-words#@eis2001f#1668.878#1669.151
420	школу	школа	NOUN	_	Animacy=Inan|Case=Acc|Gender=Fem|Number=Sing	_	_	_	@eis2001f-words#@eis2001f#1669.151#1669.424
421	с	с	ADP	_	_	_	_	_	@eis2001f-words#@eis2001f#1669.424#1669.697
422	запиской	записка	NOUN	_	Animacy=Inan|Case=Ins|Gender=Fem|Number=Sing	_	_	_	@eis2001f-words#@eis2001f#1669.697#1669.97
423	что	что	SCONJ	_	_	_	_	_	@eis2001f-words#@eis2001f#1669.97#1670.243
424	я	я	PRON	_	Case=Nom|Number=Sing|Person=1	_	_	_	@eis2001f-words#@eis2001f#1670.243#1670.516
425	там	там	ADV	_	Degree=Pos	_	_	_	@eis2001f-words#@eis2001f#1670.516#1670.789
426	у	у	ADP	_	_	_	_	_	@eis2001f-words#@eis2001f#1670.789#1671.062
427	меня	я	PRON	_	Case=Gen|Number=Sing|Person=1	_	_	_	@eis2001f-words#@eis2001f#1671.062#1671.335
428	не	не	PART	_	_	_	_	_	@eis2001f-words#@eis2001f#1671.335#1671.608
429	сделан	делать	VERB	_	Aspect=Perf|Gender=Masc|Number=Sing|Tense=Past|Variant=Short|VerbForm=Part|Voice=Pass	_	_	_	@eis2001f-words#@eis2001f#1671.608#1671.881
430	тот-то	тот-то	ADJ	_	Case=Nom|Degree=Pos|Gender=Masc|Number=Sing	_	_	_	@eis2001f-words#@eis2001f#1671.881#1672.154
431	тот-то	тот-то	ADJ	_	Case=Nom|Degree=Pos|Gender=Masc|Number=Sing	_	_	_	@eis2001f-words#@eis2001f#1672.154#1672.427
432	предмет	предмет	NOUN	_	Animacy=Inan|Case=Nom|Gender=Masc|Number=Sing	_	_	_	@eis2001f-words#@eis2001f#1672.427#1672.704
433	но	но	CCONJ	_	_	_	_	_	@eis2001f-words#@eis2001f#1673.0#1673.242
434	успеваемость	успеваемость	NOUN	_	Animacy=Inan|Case=Nom|Gender=Fem|Number=Sing	_	_	_	@eis2001f-words#@eis2001f#1673.242#1673.484
435	у	у	ADP	_	_	_	_	_	@eis2001f-words#@eis2001f#1673.484#1673.726
436	меня	я	PRON	_	Case=Gen|Number=Sing|Person=1	_	_	_	@eis2001f-words#@eis2001f#1673.726#1673.968
437	все	все	PRON	_	Animacy=Inan|Case=Nom|Gender=Neut|Number=Sing	_	_	_	@eis2001f-words#@eis2001f#1673.968#1674.21
438	равно	равный	ADJ	_	Degree=Pos|Gender=Neut|Number=Sing|Variant=Short	_	_	_	@eis2001f-words#@eis2001f#1674.21#1674.452
439	/	/	PUNCT	_	_	_	_	_	@eis2001f-words#@eis2001f#1674.452#1674.694
440	из-за	из-за	ADP	_	_	_	_	_	@eis2001f-words#@eis2001f#1674.694#1674.936
441	этого	это	PRON	_	Animacy=Inan|Case=Gen|Gender=Neut|Number=Sing	_	_	_	@eis2001f-words#@eis2001f#1674.936#1675.178
442	не	не	PART	_	_	_	_	_	@eis2001f-words#@eis2001f#1675.178#1675.42
443	менялась	менять	VERB	_	Aspect=Imp|Gender=Fem|Mood=Ind|Number=Sing|Tense=Past|VerbForm=Fin|Voice=Mid	_	_	_	@eis2001f-words#@eis2001f#1675.42#1675.662
444	то	то	PRON	_	Animacy=Inan|Case=Nom|Gender=Neut|Number=Sing	_	_	_	@eis2001f-words#@eis2001f#1675.662#1675.904
445	есть	быть	VERB	_	Aspect=Imp|Mood=Ind|Number=Sing|Person=3|Tense=Pres|VerbForm=Fin|Voice=Act	_	_	_	@eis2001f-words#@eis2001f#1675.904#1676.146
446	у	у	ADP	_	_	_	_	_	@eis2001f-words#@eis2001f#1676.146#1676.388
447	меня	я	PRON	_	Case=Gen|Number=Sing|Person=1	_	_	_	@eis2001f-words#@eis2001f#1676.388#1676.63
448	все	все	PRON	_	Animacy=Inan|Case=Nom|Gender=Neut|Number=Sing	_	_	_	@eis2001f-words#@eis2001f#1676.63#1676.872
449	хорошо	хороший	ADJ	_	Degree=Pos|Gender=Neut|Number=Sing|Variant=Short	_	_	_	@eis2001f-words#@eis2001f#1676.872#1677.114
450	было	быть	AUX	_	Aspect=Imp|Gender=Neut|Mood=Ind|Number=Sing|Tense=Past|VerbForm=Fin|Voice=Act	_	_	_	@eis2001f-words#@eis2001f#1677.114#1677.36
451	да	да	PART	_	_	_	_	_	@eis2001f-words#@eis2001f#1690.36#1690.694
452	я	я	PRON	_	Case=Nom|Number=Sing|Person=1	_	_	_	@eis2001f-words#@eis2001f#1690.694#1691.028
453	вообще	вообще	ADV	_	Degree=Pos	_	_	_	@eis2001f-words#@eis2001f#1691.028#1691.362
454	на	на	ADP	_	_	_	_	_	@eis2001f-words#@eis2001f#1691.362#1691.696
455	самом	самый	ADJ	_	Case=Loc|Degree=Pos|Gender=Neut|Number=Sing	_	_	_	@eis2001f-words#@eis2001f#1691.696#1692.03
456	деле	дело	NOUN	_	Animacy=Inan|Case=Loc|Gender=Neut|Number=Sing	_	_	_	@eis2001f-words#@eis2001f#1692.03#1692.364
457	я	я	PRON	_	Case=Nom|Number=Sing|Person=1	_	_	_	@eis2001f-words#@eis2001f#1692.364#1692.698
458	вообще	вообще	ADV	_	Degree=Pos	_	_	_	@eis2001f-words#@eis2001f#1692.698#1693.032
459	не	не	PART	_	_	_	_	_	@eis2001f-words#@eis2001f#1693.032#1693.366
460	гуляла	гулять	VERB	_	Aspect=Imp|Gender=Fem|Mood=Ind|Number=Sing|Tense=Past|VerbForm=Fin|Voice=Act	_	_	_	@eis2001f-words#@eis2001f#1693.366#1693.7
461	одна	один	DET	_	Case=Nom|Degree=Pos|Gender=Fem|Number=Sing	_	_	_	@eis2001f-words#@eis2001f#1693.7#1694.034
462	вот	вот	PART	_	_	_	_	_	@eis2001f-words#@eis2001f#1694.034#1694.368
463	я	я	PRON	_	Case=Nom|Number=Sing|Person=1	_	_	_	@eis2001f-words#@eis2001f#1694.368#1694.702
464	не	не	PART	_	_	_	_	_	@eis2001f-words#@eis2001f#1694.702#1695.036
465	знаю	знать	VERB	_	Aspect=Imp|Mood=Ind|Number=Sing|Person=1|Tense=Pres|VerbForm=Fin|Voice=Act	_	_	_	@eis2001f-words#@eis2001f#1695.036#1695.37
466	класса	класс	NOUN	_	Animacy=Inan|Case=Gen|Gender=Masc|Number=Sing	_	_	_	@eis2001f-words#@eis2001f#1695.37#1695.704
467	до	до	ADP	_	_	_	_	_	@eis2001f-words#@eis2001f#1695.704#1696.038
468	седьмого	седьмой	ADJ	_	Case=Gen|Degree=Pos|Gender=Masc|Number=Sing	_	_	_	@eis2001f-words#@eis2001f#1696.038#1696.372
469	наверное	наверное	ADV	_	Degree=Pos	_	_	_	@eis2001f-words#@eis2001f#1696.372#1696.706
470	/	/	PUNCT	_	_	_	_	_	@eis2001f-words#@eis2001f#1696.706#1697.04
471	у	у	ADP	_	_	_	_	_	@eis2001f-words#@eis2001f#1697.04#1697.374
472	меня	я	PRON	_	Case=Gen|Number=Sing|Person=1	_	_	_	@eis2001f-words#@eis2001f#1697.374#1697.708
473	во-первых	во-первых	ADV	_	Degree=Pos	_	_	_	@eis2001f-words#@eis2001f#1697.708#1698.042
474	не	не	PART	_	_	_	_	_	@eis2001f-words#@eis2001f#1698.042#1698.376
475	было	быть	VERB	_	Aspect=Imp|Gender=Neut|Mood=Ind|Number=Sing|Tense=Past|VerbForm=Fin|Voice=Act	_	_	_	@eis2001f-words#@eis2001f#1698.376#1698.71
476	времени	время	NOUN	_	Animacy=Inan|Case=Gen|Gender=Neut|Number=Sing	_	_	_	@eis2001f-words#@eis2001f#1698.71#1699.044
477	/	/	PUNCT	_	_	_	_	_	@eis2001f-words#@eis2001f#1699.044#1699.378
478	во-вторых	во-вторых	ADV	_	Degree=Pos	_	_	_	@eis2001f-words#@eis2001f#1699.378#1699.712
479	мои	мой	DET	_	Case=Nom|Number=Plur	_	_	_	@eis2001f-words#@eis2001f#1699.712#1700.046
480	родители	родитель	NOUN	_	Animacy=Anim|Case=Nom|Gender=Masc|Number=Plur	_	_	_	@eis2001f-words#@eis2001f#1700.046#1700.38
481	очень	очень	ADV	_	Degree=Pos	_	_	_	@eis2001f-words#@eis2001f#1700.38#1700.714
482	/	/	PUNCT	_	_	_	_	_	@eis2001f-words#@eis2001f#1700.714#1701.048
483	пекутся	пекуться	VERB	_	Aspect=Perf|Mood=Ind|Number=Plur|Person=3|Tense=Fut|VerbForm=Fin|Voice=Mid	_	_	_	@eis2001f-words#@eis2001f#1701.048#1701.382
484	о	о	ADP	_	_	_	_	_	@eis2001f-words#@eis2001f#1701.382#1701.716
485	моей	мой	DET	_	Case=Loc|Gender=Fem|Number=Sing	_	_	_	@eis2001f-words#@eis2001f#1701.716#1702.05
486	безопасности	безопасность	NOUN	_	Animacy=Inan|Case=Loc|Gender=Fem|Number=Sing	_	_	_	@eis2001f-words#@eis2001f#1702.05#1702.384
487	даже	даже	PART	_	_	_	_	_	@eis2001f-words#@eis2001f#1702.384#1702.718
488	наверное	наверное	ADV	_	Degree=Pos	_	_	_	@eis2001f-words#@eis2001f#1702.718#1703.052
489	чересчур	чересчур	ADV	_	Degree=Pos	_	_	_	@eis2001f-words#@eis2001f#1703.052#1703.386
490	как	как	SCONJ	_	_	_	_	_	@eis2001f-words#@eis2001f#1703.386#1703.72
491	мне	я	PRON	_	Case=Dat|Number=Sing|Person=1	_	_	_	@eis2001f-words#@eis2001f#1703.72#1704.054
492	кажется	казаться	VERB	_	Aspect=Imp|Mood=Ind|Number=Sing|Person=3|Tense=Pres|VerbForm=Fin|Voice=Mid	_	_	_	@eis2001f-words#@eis2001f#1704.054#1704.409
493	но	но	CCONJ	_	_	_	_	_	@eis2001f-words#@eis2001f#1705.819#1706.042
494	во-первых	во-первых	ADV	_	Degree=Pos	_	_	_	@eis2001f-words#@eis2001f#1706.042#1706.265
495	да	да	PART	_	_	_	_	_	@eis2001f-words#@eis2001f#1706.265#1706.488
496	ко	к	ADP	_	_	_	_	_	@eis2001f-words#@eis2001f#1706.488#1706.711
497	мне	я	PRON	_	Case=Dat|Number=Sing|Person=1	_	_	_	@eis2001f-words#@eis2001f#1706.711#1706.934
498	бы	бы	AUX	_	_	_	_	_	@eis2001f-words#@eis2001f#1706.934#1707.157
499	сразу	сразу	ADV	_	Degree=Pos	_	_	_	@eis2001f-words#@eis2001f#1707.157#1707.38
500	кто-нибудь	кто-нибудь	PRON	_	Case=Nom	_	_	_	@eis2001f-words#@eis2001f#1707.38#1707.603
501	подошел	подойти	VERB	_	Aspect=Perf|Gender=Masc|Mood=Ind|Number=Sing|Tense=Past|VerbForm=Fin|Voice=Act	_	_	_	@eis2001f-words#@eis2001f#1707.603#1707.826
502	/	/	PUNCT	_	_	_	_	_	@eis2001f-words#@eis2001f#1707.826#1708.049
503	даже	даже	PART	_	_	_	_	_	@eis2001f-words#@eis2001f#1708.049#1708.272
504	не	не	PART	_	_	_	_	_	@eis2001f-words#@eis2001f#1708.272#1708.495
505	в	в	ADP	_	_	_	_	_	@eis2001f-words#@eis2001f#1708.495#1708.718
506	этом	этот	PRON	_	Animacy=Inan|Case=Loc|Gender=Neut|Number=Sing	_	_	_	@eis2001f-words#@eis2001f#1708.718#1708.941
507	проблема	проблема	NOUN	_	Animacy=Inan|Case=Nom|Gender=Fem|Number=Sing	_	_	_	@eis2001f-words#@eis2001f#1708.941#1709.164
508	да	да	PART	_	_	_	_	_	@eis2001f-words#@eis2001f#1709.164#1709.387
509	не	не	PART	_	_	_	_	_	@eis2001f-words#@eis2001f#1709.387#1709.61
510	меня	я	PRON	_	Case=Acc|Number=Sing|Person=1	_	_	_	@eis2001f-words#@eis2001f#1709.61#1709.833
511	просто	просто	PART	_	_	_	_	_	@eis2001f-words#@eis2001f#1709.833#1710.056
512	даже	даже	PART	_	_	_	_	_	@eis2001f-words#@eis2001f#1710.056#1710.279
513	не	не	PART	_	_	_	_	_	@eis2001f-words#@eis2001f#1710.279#1710.502
514	отпускали	отпускать	VERB	_	Aspect=Perf|Mood=Ind|Number=Plur|Tense=Past|VerbForm=Fin|Voice=Act	_	_	_	@eis2001f-words#@eis2001f#1710.502#1710.725
515	так	так	ADV	_	Degree=Pos	_	_	_	@eis2001f-words#@eis2001f#1710.725#1710.967
516	вообще	вообще	ADV	_	Degree=Pos	_	_	_	@eis2001f-words#@eis2001f#1711.99#1712.185
517	не	не	PART	_	_	_	_	_	@eis2001f-words#@eis2001f#1712.185#1712.38
518	было	быть	VERB	_	Aspect=Imp|Gender=Neut|Mood=Ind|Number=Sing|Tense=Past|VerbForm=Fin|Voice=Act	_	_	_	@eis2001f-words#@eis2001f#1712.38#1712.575
519	такого	такой	DET	_	Case=Gen|Gender=Masc|Number=Sing	_	_	_	@eis2001f-words#@eis2001f#1712.575#1712.77
520	ммм	мм	NOUN	_	Animacy=Inan|Case=Gen|Gender=Masc|Number=Sing	_	_	_	@eis2001f-words#@eis2001f#1714.934#1715.432
521	да	да	PART	_	_	_	_	_	@eis2001f-words#@eis2001f#1715.432#1715.93
522	/	/	PUNCT	_	_	_	_	_	@eis2001f-words#@eis2001f#1715.93#1716.428
523	ну	ну	PART	_	_	_	_	_	@eis2001f-words#@eis2001f#1716.428#1716.926
524	такое	такой	DET	_	Case=Nom|Gender=Neut|Number=Sing	_	_	_	@eis2001f-words#@eis2001f#1716.926#1717.426
525	да	да	PART	_	_	_	_	_	@eis2001f-words#@eis2001f#1725.721#1726.054
526	/	/	PUNCT	_	_	_	_	_	@eis2001f-words#@eis2001f#1726.054#1726.387
527	я	я	PRON	_	Case=Nom|Number=Sing|Person=1	_	_	_	@eis2001f-words#@eis2001f#1726.387#1726.72
528	так	так	ADV	_	Degree=Pos	_	_	_	@eis2001f-words#@eis2001f#1726.72#1727.053
529	и	и	PART	_	_	_	_	_	@eis2001f-words#@eis2001f#1727.053#1727.386
530	делала	делать	VERB	_	Aspect=Imp|Gender=Fem|Mood=Ind|Number=Sing|Tense=Past|VerbForm=Fin|Voice=Act	_	_	_	@eis2001f-words#@eis2001f#1727.386#1727.721
531	ну	ну	PART	_	_	_	_	_	@eis2001f-words#@eis2001f#1729.049#1729.401
532	у	у	ADP	_	_	_	_	_	@eis2001f-words#@eis2001f#1729.401#1729.753
533	нас	мы	PRON	_	Case=Gen|Number=Plur|Person=1	_	_	_	@eis2001f-words#@eis2001f#1729.753#1730.105
534	впринципе	впринципе	PROPN	_	Animacy=Inan|Case=Dat|Gender=Fem|Number=Sing	_	_	_	@eis2001f-words#@eis2001f#1730.105#1730.457
535	была	быть	AUX	_	Aspect=Imp|Gender=Fem|Mood=Ind|Number=Sing|Tense=Past|VerbForm=Fin|Voice=Act	_	_	_	@eis2001f-words#@eis2001f#1730.457#1730.809
536	очень	очень	ADV	_	Degree=Pos	_	_	_	@eis2001f-words#@eis2001f#1730.809#1731.161
537	дружная	дружной	ADJ	_	Case=Nom|Degree=Pos|Gender=Fem|Number=Sing	_	_	_	@eis2001f-words#@eis2001f#1731.161#1731.513
538	съемочная	съемочный	ADJ	_	Case=Nom|Degree=Pos|Gender=Fem|Number=Sing	_	_	_	@eis2001f-words#@eis2001f#1731.513#1731.865
539	группа	группа	NOUN	_	Animacy=Inan|Case=Nom|Gender=Fem|Number=Sing	_	_	_	@eis2001f-words#@eis2001f#1731.865#1732.217
540	прям	пре	NOUN	_	Animacy=Inan|Case=Dat|Gender=Fem|Number=Plur	_	_	_	@eis2001f-words#@eis2001f#1732.217#1732.569
541	настолько	настолько	ADV	_	Degree=Pos	_	_	_	@eis2001f-words#@eis2001f#1732.569#1732.921
542	дружная	дружной	ADJ	_	Case=Nom|Degree=Pos|Gender=Fem|Number=Sing	_	_	_	@eis2001f-words#@eis2001f#1732.921#1733.273
543	что	что	SCONJ	_	_	_	_	_	@eis2001f-words#@eis2001f#1733.273#1733.625
544	у	у	ADP	_	_	_	_	_	@eis2001f-words#@eis2001f#1733.625#1733.977
545	нас	мы	PRON	_	Case=Gen|Number=Plur|Person=1	_	_	_	@eis2001f-words#@eis2001f#1733.977#1734.329
546	даже	даже	PART	_	_	_	_	_	@eis2001f-words#@eis2001f#1734.329#1734.681
547	конфликтов	конфликт	NOUN	_	Animacy=Inan|Case=Gen|Gender=Masc|Number=Plur	_	_	_	@eis2001f-words#@eis2001f#1734.681#1735.033
548	никогда	никогда	ADV	_	Degree=Pos	_	_	_	@eis2001f-words#@eis2001f#1735.033#1735.385
549	особых	особый	ADJ	_	Case=Gen|Degree=Pos|Number=Plur	_	_	_	@eis2001f-words#@eis2001f#1735.385#1735.737
550	не	не	PART	_	_	_	_	_	@eis2001f-words#@eis2001f#1735.737#1736.089
551	было	быть	AUX	_	Aspect=Imp|Gender=Neut|Mood=Ind|Number=Sing|Tense=Past|VerbForm=Fin|Voice=Act	_	_	_	@eis2001f-words#@eis2001f#1736.089#1736.459
552	была	быть	AUX	_	Aspect=Imp|Gender=Fem|Mood=Ind|Number=Sing|Tense=Past|VerbForm=Fin|Voice=Act	_	_	_	@eis2001f-words#@eis2001f#1737.393#1737.786
553	прям	пре	NOUN	_	Animacy=Inan|Case=Dat|Gender=Fem|Number=Plur	_	_	_	@eis2001f-words#@eis2001f#1737.786#1738.179
554	правда	правда	NOUN	_	Animacy=Inan|Case=Nom|Gender=Fem|Number=Sing	_	_	_	@eis2001f-words#@eis2001f#1738.179#1738.572
555	команда	команда	NOUN	_	Animacy=Inan|Case=Nom|Gender=Fem|Number=Sing	_	_	_	@eis2001f-words#@eis2001f#1738.572#1738.965
556	профессионалов	профессионал	NOUN	_	Animacy=Anim|Case=Gen|Gender=Masc|Number=Plur	_	_	_	@eis2001f-words#@eis2001f#1738.965#1739.36
557	обычно	обычно	ADV	_	Degree=Pos	_	_	_	@eis2001f-words#@eis2001f#1739.754#1740.203
558	вот	вот	PART	_	_	_	_	_	@eis2001f-words#@eis2001f#1740.203#1740.652
559	в	в	ADP	_	_	_	_	_	@eis2001f-words#@eis2001f#1740.652#1741.101
560	киноиндустрии	киноиндустрия	NOUN	_	Animacy=Inan|Case=Loc|Gender=Fem|Number=Sing	_	_	_	@eis2001f-words#@eis2001f#1741.101#1741.55
561	бывают	бывать	VERB	_	Aspect=Imp|Mood=Ind|Number=Plur|Person=3|Tense=Pres|VerbForm=Fin|Voice=Act	_	_	_	@eis2001f-words#@eis2001f#1741.55#1741.999
562	задержки	задержка	NOUN	_	Animacy=Inan|Case=Nom|Gender=Fem|Number=Plur	_	_	_	@eis2001f-words#@eis2001f#1741.999#1742.448
563	/	/	PUNCT	_	_	_	_	_	@eis2001f-words#@eis2001f#1742.448#1742.897
564	в	в	ADP	_	_	_	_	_	@eis2001f-words#@eis2001f#1742.897#1743.346
565	/	/	PUNCT	_	_	_	_	_	@eis2001f-words#@eis2001f#1743.346#1743.795
566	там	там	ADV	_	Degree=Pos	_	_	_	@eis2001f-words#@eis2001f#1743.795#1744.244
567	съемочном	съемочный	ADJ	_	Case=Loc|Degree=Pos|Gender=Masc|Number=Sing	_	_	_	@eis2001f-words#@eis2001f#1744.244#1744.693
568	процессе	процесс	NOUN	_	Animacy=Inan|Case=Loc|Gender=Masc|Number=Sing	_	_	_	@eis2001f-words#@eis2001f#1744.693#1745.142
569	потому	потому	ADV	_	Degree=Pos	_	_	_	@eis2001f-words#@eis2001f#1745.142#1745.591
570	что	что	SCONJ	_	_	_	_	_	@eis2001f-words#@eis2001f#1745.591#1746.04
571	кто-то	кто-то	PRON	_	Case=Nom	_	_	_	@eis2001f-words#@eis2001f#1746.04#1746.489
572	не	не	PART	_	_	_	_	_	@eis2001f-words#@eis2001f#1746.489#1746.938
573	подготовил	подготовить	VERB	_	Aspect=Perf|Gender=Masc|Mood=Ind|Number=Sing|Tense=Past|VerbForm=Fin|Voice=Act	_	_	_	@eis2001f-words#@eis2001f#1746.938#1747.387
574	камеру	камера	NOUN	_	Animacy=Inan|Case=Acc|Gender=Fem|Number=Sing	_	_	_	@eis2001f-words#@eis2001f#1747.387#1747.836
575	кто-то	кто-то	PRON	_	Case=Nom	_	_	_	@eis2001f-words#@eis2001f#1747.836#1748.285
576	там	там	ADV	_	Degree=Pos	_	_	_	@eis2001f-words#@eis2001f#1748.285#1748.734
577	не	не	PART	_	_	_	_	_	@eis2001f-words#@eis2001f#1748.734#1749.183
578	выставил	выставить	VERB	_	Aspect=Perf|Gender=Masc|Mood=Ind|Number=Sing|Tense=Past|VerbForm=Fin|Voice=Act	_	_	_	@eis2001f-words#@eis2001f#1749.183#1749.632
579	свет	свет	NOUN	_	Animacy=Inan|Case=Acc|Gender=Masc|Number=Sing	_	_	_	@eis2001f-words#@eis2001f#1749.632#1750.081
580	кто-то	кто-то	PRON	_	Case=Nom	_	_	_	@eis2001f-words#@eis2001f#1750.081#1750.53
581	опоздал	опоздать	VERB	_	Aspect=Perf|Gender=Masc|Mood=Ind|Number=Sing|Tense=Past|VerbForm=Fin|Voice=Act	_	_	_	@eis2001f-words#@eis2001f#1750.53#1750.979
582	еще	еще	ADV	_	Degree=Pos	_	_	_	@eis2001f-words#@eis2001f#1750.979#1751.428
583	что-то	что-то	PRON	_	Case=Acc	_	_	_	@eis2001f-words#@eis2001f#1751.428#1751.877
584	очень	очень	ADV	_	Degree=Pos	_	_	_	@eis2001f-words#@eis2001f#1751.877#1752.326
585	много	много	ADV	_	Degree=Pos	_	_	_	@eis2001f-words#@eis2001f#1752.326#1752.775
586	вот	вот	PART	_	_	_	_	_	@eis2001f-words#@eis2001f#1752.775#1753.224
587	этих	этот	DET	_	Case=Acc|Number=Plur	_	_	_	@eis2001f-words#@eis2001f#1753.224#1753.673
588	вот	вот	PART	_	_	_	_	_	@eis2001f-words#@eis2001f#1753.673#1754.122
589	/	/	PUNCT	_	_	_	_	_	@eis2001f-words#@eis2001f#1754.122#1754.571
590	а	а	CCONJ	_	_	_	_	_	@eis2001f-words#@eis2001f#1754.571#1755.02
591	/	/	PUNCT	_	_	_	_	_	@eis2001f-words#@eis2001f#1755.02#1755.469
592	проволочек	проволочка	NOUN	_	Animacy=Inan|Case=Gen|Gender=Fem|Number=Plur	_	_	_	@eis2001f-words#@eis2001f#1755.469#1755.918
593	которые	который	PRON	_	Case=Nom	_	_	_	@eis2001f-words#@eis2001f#1755.918#1756.367
594	могут	мочь	VERB	_	Aspect=Imp|Mood=Ind|Number=Plur|Person=3|Tense=Pres|VerbForm=Fin|Voice=Act	_	_	_	@eis2001f-words#@eis2001f#1756.367#1756.816
595	вызвать	вызвать	VERB	_	Aspect=Perf|VerbForm=Inf|Voice=Act	_	_	_	@eis2001f-words#@eis2001f#1756.816#1757.265
596	задержки	задержка	NOUN	_	Animacy=Inan|Case=Acc|Gender=Masc|Number=Plur	_	_	_	@eis2001f-words#@eis2001f#1757.265#1757.721
597	но	но	CCONJ	_	_	_	_	_	@eis2001f-words#@eis2001f#1757.901#1758.173
598	у	у	ADP	_	_	_	_	_	@eis2001f-words#@eis2001f#1758.173#1758.445
599	нас	мы	PRON	_	Case=Gen|Number=Plur|Person=1	_	_	_	@eis2001f-words#@eis2001f#1758.445#1758.717
600	такого	такой	DET	_	Case=Gen|Gender=Neut|Number=Sing	_	_	_	@eis2001f-words#@eis2001f#1758.717#1758.989
601	не	не	PART	_	_	_	_	_	@eis2001f-words#@eis2001f#1758.989#1759.261
602	было	быть	VERB	_	Aspect=Imp|Gender=Neut|Mood=Ind|Number=Sing|Tense=Past|VerbForm=Fin|Voice=Act	_	_	_	@eis2001f-words#@eis2001f#1759.261#1759.533
603	/	/	PUNCT	_	_	_	_	_	@eis2001f-words#@eis2001f#1759.533#1759.805
604	мы	мы	PRON	_	Case=Nom|Number=Plur|Person=1	_	_	_	@eis2001f-words#@eis2001f#1759.805#1760.077
605	были	быть	AUX	_	Aspect=Imp|Mood=Ind|Number=Plur|Tense=Past|VerbForm=Fin|Voice=Act	_	_	_	@eis2001f-words#@eis2001f#1760.077#1760.349
606	прям	пре	NOUN	_	Animacy=Inan|Case=Dat|Gender=Neut|Number=Plur	_	_	_	@eis2001f-words#@eis2001f#1760.349#1760.621
607	семьей	семья	ADJ	_	Case=Gen|Degree=Pos|Gender=Fem|Number=Sing	_	_	_	@eis2001f-words#@eis2001f#1760.621#1760.893
608	/	/	PUNCT	_	_	_	_	_	@eis2001f-words#@eis2001f#1760.893#1761.165
609	у	у	ADP	_	_	_	_	_	@eis2001f-words#@eis2001f#1761.165#1761.437
610	нас	мы	PRON	_	Case=Gen|Number=Plur|Person=1	_	_	_	@eis2001f-words#@eis2001f#1761.437#1761.709
611	всегда	всегда	ADV	_	Degree=Pos	_	_	_	@eis2001f-words#@eis2001f#1761.709#1761.981
612	было	быть	AUX	_	Aspect=Imp|Gender=Neut|Mood=Ind|Number=Sing|Tense=Past|VerbForm=Fin|Voice=Act	_	_	_	@eis2001f-words#@eis2001f#1761.981#1762.253
613	все	все	PRON	_	Animacy=Inan|Case=Nom|Gender=Neut|Number=Sing	_	_	_	@eis2001f-words#@eis2001f#1762.253#1762.525
614	хорошо	хороший	ADJ	_	Degree=Pos|Gender=Neut|Number=Sing|Variant=Short	_	_	_	@eis2001f-words#@eis2001f#1762.525#1762.797
615	/	/	PUNCT	_	_	_	_	_	@eis2001f-words#@eis2001f#1762.797#1763.069
616	у	у	ADP	_	_	_	_	_	@eis2001f-words#@eis2001f#1763.069#1763.341
617	нас	мы	PRON	_	Case=Gen|Number=Plur|Person=1	_	_	_	@eis2001f-words#@eis2001f#1763.341#1763.613
618	было	быть	VERB	_	Aspect=Imp|Gender=Neut|Mood=Ind|Number=Sing|Tense=Past|VerbForm=Fin|Voice=Act	_	_	_	@eis2001f-words#@eis2001f#1763.613#1763.885
619	всегда	всегда	ADV	_	Degree=Pos	_	_	_	@eis2001f-words#@eis2001f#1763.885#1764.157
620	все	все	PRON	_	Animacy=Inan|Case=Acc|Gender=Neut|Number=Sing	_	_	_	@eis2001f-words#@eis2001f#1764.157#1764.429
621	успешно	успешно	ADV	_	Degree=Pos	_	_	_	@eis2001f-words#@eis2001f#1764.429#1764.701
622	и	и	CCONJ	_	_	_	_	_	@eis2001f-words#@eis2001f#1764.701#1764.973
623	соответственно	соответственно	ADV	_	Degree=Pos	_	_	_	@eis2001f-words#@eis2001f#1764.973#1765.245
624	с	с	ADP	_	_	_	_	_	@eis2001f-words#@eis2001f#1765.245#1765.517
625	/	/	PUNCT	_	_	_	_	_	@eis2001f-words#@eis2001f#1765.517#1765.789
626	актерами	актер	NOUN	_	Animacy=Anim|Case=Ins|Gender=Masc|Number=Plur	_	_	_	@eis2001f-words#@eis2001f#1765.789#1766.061
627	с	с	ADP	_	_	_	_	_	@eis2001f-words#@eis2001f#1766.061#1766.333
628	которыми	который	PRON	_	Case=Ins	_	_	_	@eis2001f-words#@eis2001f#1766.333#1766.605
629	мы	мы	PRON	_	Case=Nom|Number=Plur|Person=1	_	_	_	@eis2001f-words#@eis2001f#1766.605#1766.877
630	снимались	снимать	VERB	_	Aspect=Imp|Mood=Ind|Number=Plur|Tense=Past|VerbForm=Fin|Voice=Mid	_	_	_	@eis2001f-words#@eis2001f#1766.877#1767.149
631	мы	мы	PRON	_	Case=Nom|Number=Plur|Person=1	_	_	_	@eis2001f-words#@eis2001f#1767.149#1767.421
632	были	быть	AUX	_	Aspect=Imp|Mood=Ind|Number=Plur|Tense=Past|VerbForm=Fin|Voice=Act	_	_	_	@eis2001f-words#@eis2001f#1767.421#1767.693
633	еще	еще	ADV	_	Degree=Pos	_	_	_	@eis2001f-words#@eis2001f#1767.693#1767.965
634	ближе	близкий	ADJ	_	Degree=Cmp	_	_	_	@eis2001f-words#@eis2001f#1767.965#1768.237
635	/	/	PUNCT	_	_	_	_	_	@eis2001f-words#@eis2001f#1768.237#1768.509
636	мы	мы	PRON	_	Case=Nom|Number=Plur|Person=1	_	_	_	@eis2001f-words#@eis2001f#1768.509#1768.781
637	очень	очень	ADV	_	Degree=Pos	_	_	_	@eis2001f-words#@eis2001f#1768.781#1769.053
638	хорошо	хорошо	ADV	_	Degree=Pos	_	_	_	@eis2001f-words#@eis2001f#1769.053#1769.325
639	общались	общаться	VERB	_	Aspect=Imp|Mood=Ind|Number=Plur|Tense=Past|VerbForm=Fin|Voice=Mid	_	_	_	@eis2001f-words#@eis2001f#1769.325#1769.597
640	/	/	PUNCT	_	_	_	_	_	@eis2001f-words#@eis2001f#1769.597#1769.869
641	все	весь	DET	_	Case=Nom|Number=Plur	_	_	_	@eis2001f-words#@eis2001f#1769.869#1770.141
642	девочки	девочка	NOUN	_	Animacy=Inan|Case=Nom|Gender=Fem|Number=Plur	_	_	_	@eis2001f-words#@eis2001f#1770.141#1770.442
643	были	быть	AUX	_	Aspect=Imp|Mood=Ind|Number=Plur|Tense=Past|VerbForm=Fin|Voice=Act	_	_	_	@eis2001f-words#@eis2001f#1771.426#1771.692
644	очень	очень	ADV	_	Degree=Pos	_	_	_	@eis2001f-words#@eis2001f#1771.692#1771.958
645	теплые	теплый	ADJ	_	Case=Nom|Degree=Pos|Number=Plur	_	_	_	@eis2001f-words#@eis2001f#1771.958#1772.224
646	отношения	отношение	NOUN	_	Animacy=Inan|Case=Nom|Gender=Neut|Number=Plur	_	_	_	@eis2001f-words#@eis2001f#1772.224#1772.49
647	/	/	PUNCT	_	_	_	_	_	@eis2001f-words#@eis2001f#1772.49#1772.756
648	и	и	CCONJ	_	_	_	_	_	@eis2001f-words#@eis2001f#1772.756#1773.022
649	папу	папа	NOUN	_	Animacy=Anim|Case=Acc|Gender=Masc|Number=Sing	_	_	_	@eis2001f-words#@eis2001f#1773.022#1773.288
650	мы	мы	PRON	_	Case=Nom|Number=Plur|Person=1	_	_	_	@eis2001f-words#@eis2001f#1773.288#1773.554
651	действительно	действительно	ADV	_	Degree=Pos	_	_	_	@eis2001f-words#@eis2001f#1773.554#1773.82
652	называли	называть	VERB	_	Aspect=Imp|Mood=Ind|Number=Plur|Tense=Past|VerbForm=Fin|Voice=Act	_	_	_	@eis2001f-words#@eis2001f#1773.82#1774.086
653	папой	папа	NOUN	_	Animacy=Anim|Case=Ins|Gender=Masc|Number=Sing	_	_	_	@eis2001f-words#@eis2001f#1774.086#1774.352
654	/	/	PUNCT	_	_	_	_	_	@eis2001f-words#@eis2001f#1774.352#1774.618
655	ну	ну	PART	_	_	_	_	_	@eis2001f-words#@eis2001f#1774.618#1774.884
656	вот	вот	PART	_	_	_	_	_	@eis2001f-words#@eis2001f#1774.884#1775.15
657	по	по	ADP	_	_	_	_	_	@eis2001f-words#@eis2001f#1775.15#1775.416
658	крайней	крайний	ADJ	_	Case=Dat|Degree=Pos|Gender=Fem|Number=Sing	_	_	_	@eis2001f-words#@eis2001f#1775.416#1775.682
659	мере	мера	NOUN	_	Animacy=Inan|Case=Dat|Gender=Fem|Number=Sing	_	_	_	@eis2001f-words#@eis2001f#1775.682#1775.948
660	я	я	PRON	_	Case=Nom|Number=Sing|Person=1	_	_	_	@eis2001f-words#@eis2001f#1775.948#1776.214
661	/	/	PUNCT	_	_	_	_	_	@eis2001f-words#@eis2001f#1776.214#1776.48
662	ну	ну	PART	_	_	_	_	_	@eis2001f-words#@eis2001f#1776.48#1776.746
663	во-первых	во-первых	ADV	_	Degree=Pos	_	_	_	@eis2001f-words#@eis2001f#1776.746#1777.012
664	мне	я	PRON	_	Case=Dat|Number=Sing|Person=1	_	_	_	@eis2001f-words#@eis2001f#1777.012#1777.278
665	было	быть	VERB	_	Aspect=Imp|Gender=Neut|Mood=Ind|Number=Sing|Tense=Past|VerbForm=Fin|Voice=Act	_	_	_	@eis2001f-words#@eis2001f#1777.278#1777.544
666	так	так	ADV	_	Degree=Pos	_	_	_	@eis2001f-words#@eis2001f#1777.544#1777.81
667	удобнее	удобный	ADV	_	Degree=Cmp	_	_	_	@eis2001f-words#@eis2001f#1777.81#1778.081
668	о	о	ADP	_	_	_	_	_	@eis2001f-words#@eis2001f#1780.409#1780.65
669	/	/	PUNCT	_	_	_	_	_	@eis2001f-words#@eis2001f#1780.65#1780.891
670	да	да	CCONJ	_	_	_	_	_	@eis2001f-words#@eis2001f#1780.891#1781.132
671	там	там	ADV	_	Degree=Pos	_	_	_	@eis2001f-words#@eis2001f#1781.132#1781.373
672	была	быть	VERB	_	Aspect=Imp|Gender=Fem|Mood=Ind|Number=Sing|Tense=Past|VerbForm=Fin|Voice=Act	_	_	_	@eis2001f-words#@eis2001f#1781.373#1781.614
673	даже	даже	PART	_	_	_	_	_	@eis2001f-words#@eis2001f#1781.614#1781.855
674	забавная	забавный	ADJ	_	Case=Nom|Degree=Pos|Gender=Fem|Number=Sing	_	_	_	@eis2001f-words#@eis2001f#1781.855#1782.096
675	смешная	смешной	ADJ	_	Case=Nom|Degree=Pos|Gender=Fem|Number=Sing	_	_	_	@eis2001f-words#@eis2001f#1782.096#1782.337
676	история	история	NOUN	_	Animacy=Inan|Case=Nom|Gender=Fem|Number=Sing	_	_	_	@eis2001f-words#@eis2001f#1782.337#1782.578
677	#смеется#	#смеется#	NOUN	_	Animacy=Inan|Case=Gen|Gender=Fem|Number=Sing	_	_	_	@eis2001f-words#@eis2001f#1782.578#1782.819
678	я	я	PRON	_	Case=Nom|Number=Sing|Person=1	_	_	_	@eis2001f-words#@eis2001f#1783.229#1783.555
679	сама	сам	ADJ	_	Case=Nom|Degree=Pos|Gender=Fem|Number=Sing	_	_	_	@eis2001f-words#@eis2001f#1783.555#1783.881
680	не	не	PART	_	_	_	_	_	@eis2001f-words#@eis2001f#1783.881#1784.207
681	помню	помнить	VERB	_	Aspect=Imp|Mood=Ind|Number=Sing|Person=1|Tense=Pres|VerbForm=Fin|Voice=Act	_	_	_	@eis2001f-words#@eis2001f#1784.207#1784.533
682	/	/	PUNCT	_	_	_	_	_	@eis2001f-words#@eis2001f#1784.533#1784.859
683	но	но	CCONJ	_	_	_	_	_	@eis2001f-words#@eis2001f#1784.859#1785.185
684	мне	я	PRON	_	Case=Dat|Number=Sing|Person=1	_	_	_	@eis2001f-words#@eis2001f#1785.185#1785.511
685	родители	родитель	NOUN	_	Animacy=Anim|Case=Nom|Gender=Masc|Number=Plur	_	_	_	@eis2001f-words#@eis2001f#1785.511#1785.837
686	рассказывали	рассказать	VERB	_	Aspect=Imp|Mood=Ind|Number=Plur|Tense=Past|VerbForm=Fin|Voice=Act	_	_	_	@eis2001f-words#@eis2001f#1785.837#1786.163
687	что	что	SCONJ	_	_	_	_	_	@eis2001f-words#@eis2001f#1786.163#1786.489
688	я	я	PRON	_	Case=Nom|Number=Sing|Person=1	_	_	_	@eis2001f-words#@eis2001f#1786.489#1786.815
689	вот	вот	PART	_	_	_	_	_	@eis2001f-words#@eis2001f#1786.815#1787.141
690	выхожу	выходить	VERB	_	Aspect=Imp|Mood=Ind|Number=Sing|Person=1|Tense=Pres|VerbForm=Fin|Voice=Act	_	_	_	@eis2001f-words#@eis2001f#1787.141#1787.467
691	со	с	ADP	_	_	_	_	_	@eis2001f-words#@eis2001f#1787.467#1787.793
692	съемочной	съемочный	ADJ	_	Case=Gen|Degree=Pos|Gender=Fem|Number=Sing	_	_	_	@eis2001f-words#@eis2001f#1787.793#1788.119
693	площадки	площадка	NOUN	_	Animacy=Inan|Case=Gen|Gender=Fem|Number=Sing	_	_	_	@eis2001f-words#@eis2001f#1788.119#1788.445
694	/	/	PUNCT	_	_	_	_	_	@eis2001f-words#@eis2001f#1788.445#1788.771
695	на	на	ADP	_	_	_	_	_	@eis2001f-words#@eis2001f#1788.771#1789.097
696	улице	улица	NOUN	_	Animacy=Inan|Case=Loc|Gender=Fem|Number=Sing	_	_	_	@eis2001f-words#@eis2001f#1789.097#1789.423
697	стоит	стоять	VERB	_	Aspect=Imp|Mood=Ind|Number=Sing|Person=3|Tense=Pres|VerbForm=Fin|Voice=Act	_	_	_	@eis2001f-words#@eis2001f#1789.423#1789.749
698	мой	мой	DET	_	Case=Nom|Gender=Masc|Number=Sing	_	_	_	@eis2001f-words#@eis2001f#1789.749#1790.075
699	папа	папа	NOUN	_	Animacy=Anim|Case=Nom|Gender=Masc|Number=Sing	_	_	_	@eis2001f-words#@eis2001f#1790.075#1790.401
700	и	и	CCONJ	_	_	_	_	_	@eis2001f-words#@eis2001f#1790.401#1790.727
701	/	/	PUNCT	_	_	_	_	_	@eis2001f-words#@eis2001f#1790.727#1791.053
702	вот	вот	PART	_	_	_	_	_	@eis2001f-words#@eis2001f#1791.053#1791.379
703	за	за	ADP	_	_	_	_	_	@eis2001f-words#@eis2001f#1791.379#1791.705
704	ним	он	PRON	_	Case=Ins|Gender=Masc|Number=Sing|Person=3	_	_	_	@eis2001f-words#@eis2001f#1791.705#1792.031
705	стоит	стоять	VERB	_	Aspect=Imp|Mood=Ind|Number=Sing|Person=3|Tense=Pres|VerbForm=Fin|Voice=Act	_	_	_	@eis2001f-words#@eis2001f#1792.031#1792.357
706	Андрей	Андрей	PROPN	_	Animacy=Anim|Case=Nom|Gender=Masc|Number=Sing	_	_	_	@eis2001f-words#@eis2001f#1792.357#1792.683
707	Леонов	Леонов	PROPN	_	Animacy=Anim|Case=Nom|Gender=Masc|Number=Sing	_	_	_	@eis2001f-words#@eis2001f#1792.683#1793.009
708	/	/	PUNCT	_	_	_	_	_	@eis2001f-words#@eis2001f#1793.009#1793.335
709	и	и	CCONJ	_	_	_	_	_	@eis2001f-words#@eis2001f#1793.335#1793.661
710	я	я	PRON	_	Case=Nom|Number=Sing|Person=1	_	_	_	@eis2001f-words#@eis2001f#1793.661#1793.987
711	кричу	критить	VERB	_	Aspect=Imp|Mood=Ind|Number=Sing|Person=1|Tense=Pres|VerbForm=Fin|Voice=Act	_	_	_	@eis2001f-words#@eis2001f#1793.987#1794.313
712	папа	папа	NOUN	_	Animacy=Anim|Case=Nom|Gender=Masc|Number=Sing	_	_	_	@eis2001f-words#@eis2001f#1794.313#1794.639
713	бегу	бег	NOUN	_	Animacy=Inan|Case=Par|Gender=Masc|Number=Sing	_	_	_	@eis2001f-words#@eis2001f#1794.639#1794.965
714	раскрываю	раскрывать	VERB	_	Aspect=Imp|Mood=Ind|Number=Sing|Person=1|Tense=Pres|VerbForm=Fin|Voice=Act	_	_	_	@eis2001f-words#@eis2001f#1794.965#1795.291
715	ручки	ручка	NOUN	_	Animacy=Inan|Case=Acc|Gender=Fem|Number=Plur	_	_	_	@eis2001f-words#@eis2001f#1795.291#1795.617
716	для	для	ADP	_	_	_	_	_	@eis2001f-words#@eis2001f#1795.617#1795.943
717	объятий	объятие	NOUN	_	Animacy=Inan|Case=Gen|Gender=Neut|Number=Plur	_	_	_	@eis2001f-words#@eis2001f#1795.943#1796.269
718	пробегаю	пробегать	VERB	_	Aspect=Imp|Mood=Ind|Number=Sing|Person=1|Tense=Pres|VerbForm=Fin|Voice=Act	_	_	_	@eis2001f-words#@eis2001f#1796.269#1796.595
719	мимо	мимо	ADP	_	_	_	_	_	@eis2001f-words#@eis2001f#1796.595#1796.921
720	своего	свой	DET	_	Case=Gen|Gender=Masc|Number=Sing	_	_	_	@eis2001f-words#@eis2001f#1796.921#1797.247
721	папы	папа	NOUN	_	Animacy=Anim|Case=Gen|Gender=Masc|Number=Sing	_	_	_	@eis2001f-words#@eis2001f#1797.247#1797.573
722	и	и	CCONJ	_	_	_	_	_	@eis2001f-words#@eis2001f#1797.573#1797.899
723	бегу	бег	NOUN	_	Animacy=Inan|Case=Loc|Gender=Masc|Number=Sing	_	_	_	@eis2001f-words#@eis2001f#1797.899#1798.225
724	к	к	ADP	_	_	_	_	_	@eis2001f-words#@eis2001f#1798.225#1798.551
725	киношному	киношный	ADJ	_	Case=Dat|Degree=Pos|Gender=Neut|Number=Sing	_	_	_	@eis2001f-words#@eis2001f#1798.551#1798.885
726	вот	вот	PART	_	_	_	_	_	@eis2001f-words#@eis2001f#1799.836#1800.21
727	/	/	PUNCT	_	_	_	_	_	@eis2001f-words#@eis2001f#1800.21#1800.584
728	да	да	PART	_	_	_	_	_	@eis2001f-words#@eis2001f#1800.584#1800.958
729	нет	нет	PART	_	_	_	_	_	@eis2001f-words#@eis2001f#1800.958#1801.332
730	ну	ну	PART	_	_	_	_	_	@eis2001f-words#@eis2001f#1801.332#1801.706
731	папа	папа	NOUN	_	Animacy=Anim|Case=Nom|Gender=Masc|Number=Sing	_	_	_	@eis2001f-words#@eis2001f#1801.706#1802.08
732	не	не	PART	_	_	_	_	_	@eis2001f-words#@eis2001f#1802.08#1802.454
733	обижался	обижаться	VERB	_	Aspect=Imp|Gender=Masc|Mood=Ind|Number=Sing|Tense=Past|VerbForm=Fin|Voice=Mid	_	_	_	@eis2001f-words#@eis2001f#1802.454#1802.828
734	нормально	нормально	ADV	_	Degree=Pos	_	_	_	@eis2001f-words#@eis2001f#1802.828#1803.202
735	все	все	PRON	_	Animacy=Inan|Case=Nom|Gender=Neut|Number=Sing	_	_	_	@eis2001f-words#@eis2001f#1803.202#1803.576
736	было	быть	AUX	_	Aspect=Imp|Gender=Neut|Mood=Ind|Number=Sing|Tense=Past|VerbForm=Fin|Voice=Act	_	_	_	@eis2001f-words#@eis2001f#1803.576#1803.95
737	когда	когда	ADV	_	Degree=Pos	_	_	_	@eis2001f-words#@eis2001f#1827.213#1827.565
738	закончились	закончиться	VERB	_	Aspect=Perf|Mood=Ind|Number=Plur|Tense=Past|VerbForm=Fin|Voice=Mid	_	_	_	@eis2001f-words#@eis2001f#1827.565#1827.917
739	съемки	съемка	NOUN	_	Animacy=Inan|Case=Nom|Gender=Fem|Number=Plur	_	_	_	@eis2001f-words#@eis2001f#1827.917#1828.269
740	да	да	PART	_	_	_	_	_	@eis2001f-words#@eis2001f#1828.269#1828.621
741	вот	вот	PART	_	_	_	_	_	@eis2001f-words#@eis2001f#1828.621#1828.973
742	отсняли	отснять	VERB	_	Aspect=Perf|Mood=Ind|Number=Plur|Tense=Past|VerbForm=Fin|Voice=Act	_	_	_	@eis2001f-words#@eis2001f#1828.973#1829.325
743	последнюю	последний	ADJ	_	Case=Acc|Degree=Pos|Gender=Fem|Number=Sing	_	_	_	@eis2001f-words#@eis2001f#1829.325#1829.677
744	сцену	сцена	NOUN	_	Animacy=Inan|Case=Acc|Gender=Fem|Number=Sing	_	_	_	@eis2001f-words#@eis2001f#1829.677#1830.029
745	/	/	PUNCT	_	_	_	_	_	@eis2001f-words#@eis2001f#1830.029#1830.381
746	я	я	PRON	_	Case=Nom|Number=Sing|Person=1	_	_	_	@eis2001f-words#@eis2001f#1830.381#1830.733
747	думаю	думать	VERB	_	Aspect=Imp|Mood=Ind|Number=Sing|Person=1|Tense=Pres|VerbForm=Fin|Voice=Act	_	_	_	@eis2001f-words#@eis2001f#1830.733#1831.085
748	/	/	PUNCT	_	_	_	_	_	@eis2001f-words#@eis2001f#1831.085#1831.437
749	ну	ну	PART	_	_	_	_	_	@eis2001f-words#@eis2001f#1831.437#1831.789
750	/	/	PUNCT	_	_	_	_	_	@eis2001f-words#@eis2001f#1831.789#1832.141
751	замечательно	замечательно	ADV	_	Degree=Pos	_	_	_	@eis2001f-words#@eis2001f#1832.141#1832.493
752	/	/	PUNCT	_	_	_	_	_	@eis2001f-words#@eis2001f#1832.493#1832.845
753	отсняли	отснять	VERB	_	Aspect=Perf|Mood=Ind|Number=Plur|Tense=Past|VerbForm=Fin|Voice=Act	_	_	_	@eis2001f-words#@eis2001f#1832.845#1833.197
754	последнюю	последний	ADJ	_	Case=Acc|Degree=Pos|Gender=Fem|Number=Sing	_	_	_	@eis2001f-words#@eis2001f#1833.197#1833.549
755	сцену	сцена	NOUN	_	Animacy=Inan|Case=Acc|Gender=Fem|Number=Sing	_	_	_	@eis2001f-words#@eis2001f#1833.549#1833.901
756	/	/	PUNCT	_	_	_	_	_	@eis2001f-words#@eis2001f#1833.901#1834.253
757	хорошо	хорошо	ADV	_	Degree=Pos	_	_	_	@eis2001f-words#@eis2001f#1834.253#1834.605
758	/	/	PUNCT	_	_	_	_	_	@eis2001f-words#@eis2001f#1834.605#1834.957
759	отлично	отлично	ADV	_	Degree=Pos	_	_	_	@eis2001f-words#@eis2001f#1834.957#1835.327
760	ааа	аа	NOUN	_	Animacy=Inan|Case=Gen|Gender=Masc|Number=Sing	_	_	_	@eis2001f-words#@eis2001f#1836.0#1836.352
761	/	/	PUNCT	_	_	_	_	_	@eis2001f-words#@eis2001f#1836.352#1836.704
762	потом	потом	ADV	_	Degree=Pos	_	_	_	@eis2001f-words#@eis2001f#1836.704#1837.056
763	я	я	PRON	_	Case=Nom|Number=Sing|Person=1	_	_	_	@eis2001f-words#@eis2001f#1837.056#1837.408
764	пришла	прийти	VERB	_	Aspect=Perf|Gender=Fem|Mood=Ind|Number=Sing|Tense=Past|VerbForm=Fin|Voice=Act	_	_	_	@eis2001f-words#@eis2001f#1837.408#1837.76
765	домой	домой	ADV	_	Degree=Pos	_	_	_	@eis2001f-words#@eis2001f#1837.76#1838.112
766	/	/	PUNCT	_	_	_	_	_	@eis2001f-words#@eis2001f#1838.112#1838.464
767	легла	лечь	VERB	_	Aspect=Perf|Gender=Fem|Mood=Ind|Number=Sing|Tense=Past|VerbForm=Fin|Voice=Act	_	_	_	@eis2001f-words#@eis2001f#1838.464#1838.816
768	спать	спать	VERB	_	Aspect=Imp|VerbForm=Inf|Voice=Act	_	_	_	@eis2001f-words#@eis2001f#1838.816#1839.168
769	все	все	PRON	_	Animacy=Inan|Case=Acc|Gender=Neut|Number=Sing	_	_	_	@eis2001f-words#@eis2001f#1839.168#1839.52
770	хорошо	хорошо	ADJ	_	Degree=Pos|Gender=Neut|Number=Sing|Variant=Short	_	_	_	@eis2001f-words#@eis2001f#1839.52#1839.872
771	и	и	CCONJ	_	_	_	_	_	@eis2001f-words#@eis2001f#1839.872#1840.224
772	вот	вот	PART	_	_	_	_	_	@eis2001f-words#@eis2001f#1840.224#1840.576
773	только	только	PART	_	_	_	_	_	@eis2001f-words#@eis2001f#1840.576#1840.928
774	через	через	ADP	_	_	_	_	_	@eis2001f-words#@eis2001f#1840.928#1841.28
775	несколько	несколько	NUM	_	Animacy=Inan|Case=Acc	_	_	_	@eis2001f-words#@eis2001f#1841.28#1841.632
776	дней	день	NOUN	_	Animacy=Inan|Case=Gen|Gender=Masc|Number=Plur	_	_	_	@eis2001f-words#@eis2001f#1841.632#1841.984
777	/	/	PUNCT	_	_	_	_	_	@eis2001f-words#@eis2001f#1841.984#1842.336
778	до	до	ADP	_	_	_	_	_	@eis2001f-words#@eis2001f#1842.336#1842.688
779	меня	я	PRON	_	Case=Gen|Number=Sing|Person=1	_	_	_	@eis2001f-words#@eis2001f#1842.688#1843.04
780	дошло	дойти	VERB	_	Aspect=Perf|Gender=Neut|Mood=Ind|Number=Sing|Tense=Past|VerbForm=Fin|Voice=Act	_	_	_	@eis2001f-words#@eis2001f#1843.04#1843.392
781	/	/	PUNCT	_	_	_	_	_	@eis2001f-words#@eis2001f#1843.392#1843.744
782	осознание	осознание	NOUN	_	Animacy=Inan|Case=Nom|Gender=Neut|Number=Sing	_	_	_	@eis2001f-words#@eis2001f#1843.744#1844.096
783	того	то	PRON	_	Animacy=Inan|Case=Gen|Gender=Neut|Number=Sing	_	_	_	@eis2001f-words#@eis2001f#1844.096#1844.448
784	что	что	SCONJ	_	_	_	_	_	@eis2001f-words#@eis2001f#1844.448#1844.8
785	о	о	ADP	_	_	_	_	_	@eis2001f-words#@eis2001f#1844.8#1845.152
786	боже	бог	NOUN	_	Animacy=Anim|Case=Voc|Gender=Masc|Number=Sing	_	_	_	@eis2001f-words#@eis2001f#1845.152#1845.504
787	это	это	PART	_	_	_	_	_	@eis2001f-words#@eis2001f#1845.504#1845.856
788	же	же	PART	_	_	_	_	_	@eis2001f-words#@eis2001f#1845.856#1846.208
789	вот	вот	PART	_	_	_	_	_	@eis2001f-words#@eis2001f#1846.208#1846.56
790	та	тот	DET	_	Case=Nom|Gender=Fem|Number=Sing	_	_	_	@eis2001f-words#@eis2001f#1846.56#1846.912
791	целая	целый	ADJ	_	Case=Nom|Degree=Pos|Gender=Fem|Number=Sing	_	_	_	@eis2001f-words#@eis2001f#1846.912#1847.264
792	работа	работа	NOUN	_	Animacy=Inan|Case=Nom|Gender=Fem|Number=Sing	_	_	_	@eis2001f-words#@eis2001f#1847.264#1847.616
793	которая	который	PRON	_	Case=Nom	_	_	_	@eis2001f-words#@eis2001f#1847.616#1847.968
794	проделывалась	проделывать	VERB	_	Aspect=Imp|Gender=Fem|Mood=Ind|Number=Sing|Tense=Past|VerbForm=Fin|Voice=Mid	_	_	_	@eis2001f-words#@eis2001f#1847.968#1848.32
795	на	на	ADP	_	_	_	_	_	@eis2001f-words#@eis2001f#1848.32#1848.672
796	протяжении	протяжение	NOUN	_	Animacy=Inan|Case=Loc|Gender=Neut|Number=Sing	_	_	_	@eis2001f-words#@eis2001f#1848.672#1849.024
797	там	там	ADV	_	Degree=Pos	_	_	_	@eis2001f-words#@eis2001f#1849.024#1849.376
798	/	/	PUNCT	_	_	_	_	_	@eis2001f-words#@eis2001f#1849.376#1849.728
799	многих	много	NUM	_	_	_	_	_	@eis2001f-words#@eis2001f#1849.728#1850.08
800	лет	год	NOUN	_	Animacy=Inan|Case=Gen|Gender=Masc|Number=Plur	_	_	_	@eis2001f-words#@eis2001f#1850.08#1850.432
801	мной	я	PRON	_	Case=Ins|Number=Sing|Person=1	_	_	_	@eis2001f-words#@eis2001f#1850.432#1850.784
802	/	/	PUNCT	_	_	_	_	_	@eis2001f-words#@eis2001f#1850.784#1851.136
803	это	это	PRON	_	Animacy=Inan|Case=Nom|Gender=Neut|Number=Sing	_	_	_	@eis2001f-words#@eis2001f#1851.136#1851.488
804	вот	вот	PART	_	_	_	_	_	@eis2001f-words#@eis2001f#1851.488#1851.84
805	все	все	PRON	_	Animacy=Inan|Case=Nom|Gender=Neut|Number=Sing	_	_	_	@eis2001f-words#@eis2001f#1851.84#1852.192
806	закончилось	закончиться	VERB	_	Aspect=Perf|Gender=Neut|Mood=Ind|Number=Sing|Tense=Past|VerbForm=Fin|Voice=Mid	_	_	_	@eis2001f-words#@eis2001f#1852.192#1852.544
807	/	/	PUNCT	_	_	_	_	_	@eis2001f-words#@eis2001f#1852.544#1852.896
808	и	и	PART	_	_	_	_	_	@eis2001f-words#@eis2001f#1852.896#1853.248
809	этого	это	PRON	_	Animacy=Inan|Case=Gen|Gender=Neut|Number=Sing	_	_	_	@eis2001f-words#@eis2001f#1853.248#1853.6
810	больше	больше	ADV	_	Degree=Cmp	_	_	_	@eis2001f-words#@eis2001f#1853.6#1853.952
811	скорее	скорее	ADV	_	Degree=Pos	_	_	_	@eis2001f-words#@eis2001f#1853.952#1854.304
812	всего	все	PRON	_	Animacy=Inan|Case=Gen|Gender=Neut|Number=Sing	_	_	_	@eis2001f-words#@eis2001f#1854.304#1854.656
813	не	не	PART	_	_	_	_	_	@eis2001f-words#@eis2001f#1854.656#1855.008
814	будет	быть	AUX	_	Aspect=Imp|Mood=Ind|Number=Sing|Person=3|Tense=Pres|VerbForm=Fin|Voice=Act	_	_	_	@eis2001f-words#@eis2001f#1855.008#1855.393
815	это	это	PRON	_	Animacy=Inan|Case=Nom|Gender=Neut|Number=Sing	_	_	_	@eis2001f-words#@eis2001f#1856.409#1856.852
816	для	для	ADP	_	_	_	_	_	@eis2001f-words#@eis2001f#1856.852#1857.295
817	меня	я	PRON	_	Case=Gen|Number=Sing|Person=1	_	_	_	@eis2001f-words#@eis2001f#1857.295#1857.738
818	было	быть	VERB	_	Aspect=Imp|Gender=Neut|Mood=Ind|Number=Sing|Tense=Past|VerbForm=Fin|Voice=Act	_	_	_	@eis2001f-words#@eis2001f#1857.738#1858.181
819	просто	просто	PART	_	_	_	_	_	@eis2001f-words#@eis2001f#1858.181#1858.624
820	таким	такой	DET	_	Case=Ins|Gender=Masc|Number=Sing	_	_	_	@eis2001f-words#@eis2001f#1858.624#1859.067
821	каким-то	какой-то	DET	_	Case=Ins|Gender=Masc|Number=Sing	_	_	_	@eis2001f-words#@eis2001f#1859.067#1859.51
822	неподъемным	неподъемный	ADJ	_	Case=Ins|Degree=Pos|Gender=Masc|Number=Sing	_	_	_	@eis2001f-words#@eis2001f#1859.51#1859.953
823	шоком	шок	NOUN	_	Animacy=Inan|Case=Ins|Gender=Masc|Number=Sing	_	_	_	@eis2001f-words#@eis2001f#1859.953#1860.396
824	/	/	PUNCT	_	_	_	_	_	@eis2001f-words#@eis2001f#1860.396#1860.839
825	кх	к	ADJ	_	Case=Gen|Degree=Pos|Number=Plur	_	_	_	@eis2001f-words#@eis2001f#1860.839#1861.282
826	/	/	PUNCT	_	_	_	_	_	@eis2001f-words#@eis2001f#1861.282#1861.725
827	я	я	PRON	_	Case=Nom|Number=Sing|Person=1	_	_	_	@eis2001f-words#@eis2001f#1861.725#1862.168
828	прям	пре	NOUN	_	Animacy=Anim|Case=Dat|Gender=Masc|Number=Plur	_	_	_	@eis2001f-words#@eis2001f#1862.168#1862.611
829	поплакала	плакать	NOUN	_	Animacy=Inan|Case=Gen|Gender=Masc|Number=Sing	_	_	_	@eis2001f-words#@eis2001f#1862.611#1863.054
830	/	/	PUNCT	_	_	_	_	_	@eis2001f-words#@eis2001f#1863.054#1863.497
831	попереживала	переживать	VERB	_	Aspect=Imp|Gender=Fem|Mood=Ind|Number=Sing|Tense=Past|VerbForm=Fin|Voice=Act	_	_	_	@eis2001f-words#@eis2001f#1863.497#1863.94
832	/	/	PUNCT	_	_	_	_	_	@eis2001f-words#@eis2001f#1863.94#1864.383
833	кх	к	NOUN	_	Animacy=Inan|Case=Loc|Gender=Fem|Number=Plur	_	_	_	@eis2001f-words#@eis2001f#1864.383#1864.836
834	но	но	CCONJ	_	_	_	_	_	@eis2001f-words#@eis2001f#1865.426#1865.748
835	это	это	PRON	_	Animacy=Inan|Case=Nom|Gender=Neut|Number=Sing	_	_	_	@eis2001f-words#@eis2001f#1865.748#1866.07
836	скорее	скорее	ADV	_	Degree=Pos	_	_	_	@eis2001f-words#@eis2001f#1866.07#1866.392
837	конечно	конечно	VERB	_	Aspect=Perf|Gender=Neut|Number=Sing|Tense=Past|Variant=Short|VerbForm=Part|Voice=Pass	_	_	_	@eis2001f-words#@eis2001f#1866.392#1866.714
838	дело	дело	NOUN	_	Animacy=Inan|Case=Nom|Gender=Neut|Number=Sing	_	_	_	@eis2001f-words#@eis2001f#1866.714#1867.036
839	привычки	привычка	NOUN	_	Animacy=Inan|Case=Gen|Gender=Fem|Number=Sing	_	_	_	@eis2001f-words#@eis2001f#1867.036#1867.358
840	/	/	PUNCT	_	_	_	_	_	@eis2001f-words#@eis2001f#1867.358#1867.68
841	то	то	PRON	_	Animacy=Inan|Case=Nom|Gender=Neut|Number=Sing	_	_	_	@eis2001f-words#@eis2001f#1867.68#1868.002
842	есть	быть	VERB	_	Aspect=Imp|Mood=Ind|Number=Sing|Person=3|Tense=Pres|VerbForm=Fin|Voice=Act	_	_	_	@eis2001f-words#@eis2001f#1868.002#1868.324
843	/	/	PUNCT	_	_	_	_	_	@eis2001f-words#@eis2001f#1868.324#1868.646
844	я	я	PRON	_	Case=Nom|Number=Sing|Person=1	_	_	_	@eis2001f-words#@eis2001f#1868.646#1868.968
845	просто	просто	PART	_	_	_	_	_	@eis2001f-words#@eis2001f#1868.968#1869.29
846	понимала	понимать	VERB	_	Aspect=Imp|Gender=Fem|Mood=Ind|Number=Sing|Tense=Past|VerbForm=Fin|Voice=Act	_	_	_	@eis2001f-words#@eis2001f#1869.29#1869.612
847	что	что	SCONJ	_	_	_	_	_	@eis2001f-words#@eis2001f#1869.612#1869.934
848	этого	это	PRON	_	Animacy=Inan|Case=Gen|Gender=Neut|Number=Sing	_	_	_	@eis2001f-words#@eis2001f#1869.934#1870.256
849	больше	больше	ADV	_	Degree=Cmp	_	_	_	@eis2001f-words#@eis2001f#1870.256#1870.578
850	не	не	PART	_	_	_	_	_	@eis2001f-words#@eis2001f#1870.578#1870.9
851	будет	быть	VERB	_	Aspect=Imp|Mood=Ind|Number=Sing|Person=3|Tense=Pres|VerbForm=Fin|Voice=Act	_	_	_	@eis2001f-words#@eis2001f#1870.9#1871.222
852	/	/	PUNCT	_	_	_	_	_	@eis2001f-words#@eis2001f#1871.222#1871.544
853	что	что	SCONJ	_	_	_	_	_	@eis2001f-words#@eis2001f#1871.544#1871.866
854	просто	просто	PART	_	_	_	_	_	@eis2001f-words#@eis2001f#1871.866#1872.188
855	мне	я	PRON	_	Case=Dat|Number=Sing|Person=1	_	_	_	@eis2001f-words#@eis2001f#1872.188#1872.51
856	придется	прийтись	VERB	_	Aspect=Perf|Mood=Ind|Number=Sing|Person=3|Tense=Fut|VerbForm=Fin|Voice=Mid	_	_	_	@eis2001f-words#@eis2001f#1872.51#1872.832
857	менять	менять	VERB	_	Aspect=Imp|VerbForm=Inf|Voice=Act	_	_	_	@eis2001f-words#@eis2001f#1872.832#1873.154
858	как-то	как-то	ADV	_	Degree=Pos	_	_	_	@eis2001f-words#@eis2001f#1873.154#1873.476
859	свой	свой	DET	_	Case=Acc|Gender=Masc|Number=Sing	_	_	_	@eis2001f-words#@eis2001f#1873.476#1873.798
860	режим	режим	NOUN	_	Animacy=Inan|Case=Acc|Gender=Masc|Number=Sing	_	_	_	@eis2001f-words#@eis2001f#1873.798#1874.12
861	/	/	PUNCT	_	_	_	_	_	@eis2001f-words#@eis2001f#1874.12#1874.442
862	свое	свой	DET	_	Case=Acc|Gender=Neut|Number=Sing	_	_	_	@eis2001f-words#@eis2001f#1874.442#1874.764
863	расписание	расписание	NOUN	_	Animacy=Inan|Case=Acc|Gender=Neut|Number=Sing	_	_	_	@eis2001f-words#@eis2001f#1874.764#1875.098
864	а	а	CCONJ	_	_	_	_	_	@eis2001f-words#@eis2001f#1875.344#1875.542
865	вообще	вообще	ADV	_	Degree=Pos	_	_	_	@eis2001f-words#@eis2001f#1875.542#1875.74
866	сколько	сколько	NUM	_	_	_	_	_	@eis2001f-words#@eis2001f#1875.74#1875.938
867	ты	ты	PRON	_	Case=Nom|Number=Sing|Person=2	_	_	_	@eis2001f-words#@eis2001f#1875.938#1876.136
868	уже	уже	ADV	_	Degree=Pos	_	_	_	@eis2001f-words#@eis2001f#1876.136#1876.334
869	не	не	PART	_	_	_	_	_	@eis2001f-words#@eis2001f#1876.334#1876.532
870	снималась	снимать	VERB	_	Aspect=Imp|Gender=Fem|Mood=Ind|Number=Sing|Tense=Past|VerbForm=Fin|Voice=Mid	_	_	_	@eis2001f-words#@eis2001f#1876.532#1876.73
871	?	?	PUNCT	_	_	_	_	_	@eis2001f-words#@eis2001f#1876.73#1876.934
872	всмысле	всмысло	ADV	_	Degree=Pos	_	_	_	@eis2001f-words#@eis2001f#1877.622#1877.859
873	вот	вот	PART	_	_	_	_	_	@eis2001f-words#@eis2001f#1877.859#1878.096
874	сейчас	сейчас	ADV	_	Degree=Pos	_	_	_	@eis2001f-words#@eis2001f#1878.096#1878.333
875	?	?	PUNCT	_	_	_	_	_	@eis2001f-words#@eis2001f#1878.333#1878.573
876	о	о	ADV	_	Degree=Pos	_	_	_	@eis2001f-words#@eis2001f#1885.934#1886.172
877	/	/	PUNCT	_	_	_	_	_	@eis2001f-words#@eis2001f#1886.172#1886.41
878	у	у	ADP	_	_	_	_	_	@eis2001f-words#@eis2001f#1886.41#1886.648
879	меня	я	PRON	_	Case=Gen|Number=Sing|Person=1	_	_	_	@eis2001f-words#@eis2001f#1886.648#1886.886
880	был	быть	VERB	_	Aspect=Imp|Gender=Masc|Mood=Ind|Number=Sing|Tense=Past|VerbForm=Fin|Voice=Act	_	_	_	@eis2001f-words#@eis2001f#1886.886#1887.124
881	съемочный	съемочный	ADJ	_	Case=Nom|Degree=Pos|Gender=Masc|Number=Sing	_	_	_	@eis2001f-words#@eis2001f#1887.124#1887.362
882	день	день	NOUN	_	Animacy=Inan|Case=Nom|Gender=Masc|Number=Sing	_	_	_	@eis2001f-words#@eis2001f#1887.362#1887.6
883	пос...	пос...	PROPN	_	Animacy=Anim|Case=Gen|Gender=Masc|Number=Sing	_	_	_	@eis2001f-words#@eis2001f#1887.6#1887.838
884	последний	последний	ADJ	_	Case=Nom|Degree=Pos|Gender=Masc|Number=Sing	_	_	_	@eis2001f-words#@eis2001f#1887.838#1888.081
885	ааа	аа	NOUN	_	Animacy=Inan|Case=Gen|Gender=Masc|Number=Sing	_	_	_	@eis2001f-words#@eis2001f#1890.606#1890.862
886	/	/	PUNCT	_	_	_	_	_	@eis2001f-words#@eis2001f#1890.862#1891.118
887	на	на	ADP	_	_	_	_	_	@eis2001f-words#@eis2001f#1891.118#1891.374
888	танцах	танец	NOUN	_	Animacy=Inan|Case=Loc|Gender=Masc|Number=Plur	_	_	_	@eis2001f-words#@eis2001f#1891.374#1891.63
889	со	с	ADP	_	_	_	_	_	@eis2001f-words#@eis2001f#1891.63#1891.886
890	звездами	звезда	NOUN	_	Animacy=Inan|Case=Ins|Gender=Fem|Number=Plur	_	_	_	@eis2001f-words#@eis2001f#1891.886#1892.142
891	мне	я	PRON	_	Case=Dat|Number=Sing|Person=1	_	_	_	@eis2001f-words#@eis2001f#1892.142#1892.398
892	кажется	казаться	VERB	_	Aspect=Imp|Mood=Ind|Number=Sing|Person=3|Tense=Pres|VerbForm=Fin|Voice=Mid	_	_	_	@eis2001f-words#@eis2001f#1892.398#1892.654
893	/	/	PUNCT	_	_	_	_	_	@eis2001f-words#@eis2001f#1892.654#1892.91
894	наверное	наверное	ADV	_	Degree=Pos	_	_	_	@eis2001f-words#@eis2001f#1892.91#1893.166
895	вот	вот	PART	_	_	_	_	_	@eis2001f-words#@eis2001f#1893.166#1893.422
896	я	я	PRON	_	Case=Nom|Number=Sing|Person=1	_	_	_	@eis2001f-words#@eis2001f#1893.422#1893.678
897	года	год	NOUN	_	Animacy=Inan|Case=Gen|Gender=Masc|Number=Sing	_	_	_	@eis2001f-words#@eis2001f#1893.678#1893.934
898	два	два	NUM	_	Case=Nom|Gender=Masc	_	_	_	@eis2001f-words#@eis2001f#1893.934#1894.19
899	назад	назад	ADV	_	Degree=Pos	_	_	_	@eis2001f-words#@eis2001f#1894.19#1894.446
900	или	или	CCONJ	_	_	_	_	_	@eis2001f-words#@eis2001f#1894.446#1894.702
901	даже	даже	PART	_	_	_	_	_	@eis2001f-words#@eis2001f#1894.702#1894.958
902	три	три	NUM	_	Animacy=Inan|Case=Acc	_	_	_	@eis2001f-words#@eis2001f#1894.958#1895.214
903	я	я	PRON	_	Case=Nom|Number=Sing|Person=1	_	_	_	@eis2001f-words#@eis2001f#1895.214#1895.47
904	уже	уже	ADV	_	Degree=Pos	_	_	_	@eis2001f-words#@eis2001f#1895.47#1895.726
905	не	не	PART	_	_	_	_	_	@eis2001f-words#@eis2001f#1895.726#1895.982
906	помню	помнить	VERB	_	Aspect=Imp|Mood=Ind|Number=Sing|Person=1|Tense=Pres|VerbForm=Fin|Voice=Act	_	_	_	@eis2001f-words#@eis2001f#1895.982#1896.238
907	/	/	PUNCT	_	_	_	_	_	@eis2001f-words#@eis2001f#1896.238#1896.494
908	учавствовала	учавствовать	VERB	_	Aspect=Imp|Gender=Fem|Mood=Ind|Number=Sing|Tense=Past|VerbForm=Fin|Voice=Act	_	_	_	@eis2001f-words#@eis2001f#1896.494#1896.75
909	в	в	ADP	_	_	_	_	_	@eis2001f-words#@eis2001f#1896.75#1897.006
910	проекте	проект	NOUN	_	Animacy=Inan|Case=Loc|Gender=Masc|Number=Sing	_	_	_	@eis2001f-words#@eis2001f#1897.006#1897.262
911	танцы	танец	NOUN	_	Animacy=Anim|Case=Nom|Gender=Masc|Number=Plur	_	_	_	@eis2001f-words#@eis2001f#1897.262#1897.518
912	со	с	ADP	_	_	_	_	_	@eis2001f-words#@eis2001f#1897.518#1897.774
913	звездами	звезда	NOUN	_	Animacy=Inan|Case=Ins|Gender=Fem|Number=Plur	_	_	_	@eis2001f-words#@eis2001f#1897.774#1898.03
914	/	/	PUNCT	_	_	_	_	_	@eis2001f-words#@eis2001f#1898.03#1898.286
915	вот	вот	PART	_	_	_	_	_	@eis2001f-words#@eis2001f#1898.286#1898.542
916	там	там	ADV	_	Degree=Pos	_	_	_	@eis2001f-words#@eis2001f#1898.542#1898.798
917	у	у	ADP	_	_	_	_	_	@eis2001f-words#@eis2001f#1898.798#1899.054
918	меня	я	PRON	_	Case=Gen|Number=Sing|Person=1	_	_	_	@eis2001f-words#@eis2001f#1899.054#1899.31
919	был	быть	AUX	_	Aspect=Imp|Gender=Masc|Mood=Ind|Number=Sing|Tense=Past|VerbForm=Fin|Voice=Act	_	_	_	@eis2001f-words#@eis2001f#1899.31#1899.59
920	то	то	PRON	_	Animacy=Inan|Case=Nom|Gender=Neut|Number=Sing	_	_	_	@eis2001f-words#@eis2001f#1899.821#1900.182
921	есть	быть	VERB	_	Aspect=Imp|Mood=Ind|Number=Sing|Person=3|Tense=Pres|VerbForm=Fin|Voice=Act	_	_	_	@eis2001f-words#@eis2001f#1900.182#1900.543
922	там	там	ADV	_	Degree=Pos	_	_	_	@eis2001f-words#@eis2001f#1900.543#1900.904
923	даже	даже	PART	_	_	_	_	_	@eis2001f-words#@eis2001f#1900.904#1901.265
924	не	не	PART	_	_	_	_	_	@eis2001f-words#@eis2001f#1901.265#1901.626
925	/	/	PUNCT	_	_	_	_	_	@eis2001f-words#@eis2001f#1901.626#1901.987
926	какой-то	какой-то	DET	_	Case=Nom|Gender=Masc|Number=Sing	_	_	_	@eis2001f-words#@eis2001f#1901.987#1902.348
927	/	/	PUNCT	_	_	_	_	_	@eis2001f-words#@eis2001f#1902.348#1902.709
928	длительный	длительный	ADJ	_	Case=Nom|Degree=Pos|Gender=Masc|Number=Sing	_	_	_	@eis2001f-words#@eis2001f#1902.709#1903.07
929	/	/	PUNCT	_	_	_	_	_	@eis2001f-words#@eis2001f#1903.07#1903.431
930	проект	проект	NOUN	_	Animacy=Inan|Case=Nom|Gender=Masc|Number=Sing	_	_	_	@eis2001f-words#@eis2001f#1903.431#1903.792
931	сериал	сериал	VERB	_	Aspect=Imp|Gender=Masc|Mood=Ind|Number=Sing|Tense=Past|VerbForm=Fin|Voice=Act	_	_	_	@eis2001f-words#@eis2001f#1903.792#1904.153
932	/	/	PUNCT	_	_	_	_	_	@eis2001f-words#@eis2001f#1904.153#1904.514
933	или	или	CCONJ	_	_	_	_	_	@eis2001f-words#@eis2001f#1904.514#1904.875
934	фильм	фильм	NOUN	_	Animacy=Inan|Case=Acc|Gender=Masc|Number=Sing	_	_	_	@eis2001f-words#@eis2001f#1904.875#1905.236
935	там	там	ADV	_	Degree=Pos	_	_	_	@eis2001f-words#@eis2001f#1905.236#1905.597
936	/	/	PUNCT	_	_	_	_	_	@eis2001f-words#@eis2001f#1905.597#1905.958
937	просто	просто	PART	_	_	_	_	_	@eis2001f-words#@eis2001f#1905.958#1906.319
938	вот	вот	PART	_	_	_	_	_	@eis2001f-words#@eis2001f#1906.319#1906.68
939	там	там	ADV	_	Degree=Pos	_	_	_	@eis2001f-words#@eis2001f#1906.68#1907.041
940	/	/	PUNCT	_	_	_	_	_	@eis2001f-words#@eis2001f#1907.041#1907.402
941	три	три	NUM	_	Case=Nom	_	_	_	@eis2001f-words#@eis2001f#1907.402#1907.763
942	съемочных	съемочный	ADJ	_	Case=Gen|Degree=Pos|Number=Plur	_	_	_	@eis2001f-words#@eis2001f#1907.763#1908.124
943	дня	день	NOUN	_	Animacy=Inan|Case=Gen|Gender=Masc|Number=Sing	_	_	_	@eis2001f-words#@eis2001f#1908.124#1908.485
944	было	быть	VERB	_	Aspect=Imp|Gender=Neut|Mood=Ind|Number=Sing|Tense=Past|VerbForm=Fin|Voice=Act	_	_	_	@eis2001f-words#@eis2001f#1908.485#1908.846
945	всего	все	PRON	_	Animacy=Inan|Case=Gen|Gender=Neut|Number=Sing	_	_	_	@eis2001f-words#@eis2001f#1908.846#1909.229

