1	так	так	ADV	_	Degree=Pos	_	_	_	@ap1990f-words#@ap1990f#107.0#107.369
2	дебильно	дебильно	ADV	_	Degree=Pos	_	_	_	@ap1990f-words#@ap1990f#107.369#107.738
3	/	/	PUNCT	_	_	_	_	_	@ap1990f-words#@ap1990f#107.738#108.107
4	я	я	PRON	_	Case=Nom|Number=Sing|Person=1	_	_	_	@ap1990f-words#@ap1990f#108.107#108.476
5	просто	просто	ADV	_	Degree=Pos	_	_	_	@ap1990f-words#@ap1990f#108.476#108.845
6	смотрю	смотреть	VERB	_	Aspect=Imp|Mood=Ind|Number=Sing|Person=1|Tense=Pres|VerbForm=Fin|Voice=Act	_	_	_	@ap1990f-words#@ap1990f#108.845#109.214
7	и	и	CCONJ	_	_	_	_	_	@ap1990f-words#@ap1990f#109.214#109.583
8	думаю	думать	VERB	_	Aspect=Imp|Mood=Ind|Number=Sing|Person=1|Tense=Pres|VerbForm=Fin|Voice=Act	_	_	_	@ap1990f-words#@ap1990f#109.583#109.952
9	/	/	PUNCT	_	_	_	_	_	@ap1990f-words#@ap1990f#109.952#110.321
10	что	что	PRON	_	Case=Nom	_	_	_	@ap1990f-words#@ap1990f#110.321#110.69
11	происходит	происходить	VERB	_	Aspect=Imp|Mood=Ind|Number=Sing|Person=3|Tense=Pres|VerbForm=Fin|Voice=Act	_	_	_	@ap1990f-words#@ap1990f#110.69#111.059
12	?	?	PUNCT	_	_	_	_	_	@ap1990f-words#@ap1990f#111.059#111.428
13	/	/	PUNCT	_	_	_	_	_	@ap1990f-words#@ap1990f#111.428#111.797
14	потому	потому	ADV	_	Degree=Pos	_	_	_	@ap1990f-words#@ap1990f#111.797#112.166
15	что	что	SCONJ	_	_	_	_	_	@ap1990f-words#@ap1990f#112.166#112.535
16	там	там	ADV	_	Degree=Pos	_	_	_	@ap1990f-words#@ap1990f#112.535#112.904
17	еще	еще	ADV	_	Degree=Pos	_	_	_	@ap1990f-words#@ap1990f#112.904#113.273
18	эти	этот	DET	_	Case=Nom|Number=Plur	_	_	_	@ap1990f-words#@ap1990f#113.273#113.642
19	цепляющие	цепляющий	ADJ	_	Animacy=Anim|Case=Nom|Degree=Pos|Number=Plur	_	_	_	@ap1990f-words#@ap1990f#113.642#114.011
20	собачки	собачка	NOUN	_	Animacy=Anim|Case=Nom|Gender=Fem|Number=Plur	_	_	_	@ap1990f-words#@ap1990f#114.011#114.38
21	и	и	CCONJ	_	_	_	_	_	@ap1990f-words#@ap1990f#114.38#114.749
22	лягушечки	лягушечка	NOUN	_	Animacy=Anim|Case=Nom|Gender=Fem|Number=Plur	_	_	_	@ap1990f-words#@ap1990f#114.749#115.118
23	на	на	ADP	_	_	_	_	_	@ap1990f-words#@ap1990f#115.118#115.487
24	заднем	задний	ADJ	_	Case=Loc|Degree=Pos|Gender=Masc|Number=Sing	_	_	_	@ap1990f-words#@ap1990f#115.487#115.856
25	плане	план	NOUN	_	Animacy=Inan|Case=Loc|Gender=Masc|Number=Sing	_	_	_	@ap1990f-words#@ap1990f#115.856#116.225
26	/	/	PUNCT	_	_	_	_	_	@ap1990f-words#@ap1990f#116.225#116.594
27	и	и	CCONJ	_	_	_	_	_	@ap1990f-words#@ap1990f#116.594#116.963
28	[нрзб]	[нрзб]	X	_	_	_	_	_	@ap1990f-words#@ap1990f#116.963#117.358
29	да	да	PART	_	_	_	_	_	@ap1990f-words#@ap1990f#119.326#119.558
30	/	/	PUNCT	_	_	_	_	_	@ap1990f-words#@ap1990f#119.558#119.79
31	такое	такой	DET	_	Case=Nom|Gender=Neut|Number=Sing	_	_	_	@ap1990f-words#@ap1990f#119.79#120.022
32	ощущение	ощущение	NOUN	_	Animacy=Inan|Case=Nom|Gender=Neut|Number=Sing	_	_	_	@ap1990f-words#@ap1990f#120.022#120.254
33	что	что	PRON	_	Case=Nom	_	_	_	@ap1990f-words#@ap1990f#120.254#120.49
34	а	а	CCONJ	_	_	_	_	_	@ap1990f-words#@ap1990f#136.41#136.581
35	кто	кто	PRON	_	Case=Nom	_	_	_	@ap1990f-words#@ap1990f#136.581#136.752
36	у	у	ADP	_	_	_	_	_	@ap1990f-words#@ap1990f#136.752#136.923
37	нас	мы	PRON	_	Case=Gen|Number=Plur|Person=1	_	_	_	@ap1990f-words#@ap1990f#136.923#137.094
38	тут	тут	ADV	_	Degree=Pos	_	_	_	@ap1990f-words#@ap1990f#137.094#137.265
39	?	?	PUNCT	_	_	_	_	_	@ap1990f-words#@ap1990f#137.265#137.44
40	здесь	здесь	ADV	_	Degree=Pos	_	_	_	@ap1990f-words#@ap1990f#137.935#138.713
41	есть	быть	VERB	_	Aspect=Imp|Mood=Ind|Number=Sing|Person=3|Tense=Pres|VerbForm=Fin|Voice=Act	_	_	_	@ap1990f-words#@ap1990f#138.713#139.491
42	петушок	петушок	NOUN	_	Animacy=Anim|Case=Nom|Gender=Masc|Number=Sing	_	_	_	@ap1990f-words#@ap1990f#139.491#140.269
43	/	/	PUNCT	_	_	_	_	_	@ap1990f-words#@ap1990f#140.269#141.047
44	лягушечки	лягушечка	NOUN	_	Animacy=Anim|Case=Nom|Gender=Fem|Number=Plur	_	_	_	@ap1990f-words#@ap1990f#141.047#141.829
45	а	а	CCONJ	_	_	_	_	_	@ap1990f-words#@ap1990f#145.202#145.476
46	почему	почему	ADV	_	Degree=Pos	_	_	_	@ap1990f-words#@ap1990f#145.476#145.75
47	кошки	кошка	NOUN	_	Animacy=Anim|Case=Gen|Gender=Fem|Number=Sing	_	_	_	@ap1990f-words#@ap1990f#145.75#146.024
48	нету	нет	VERB	_	Aspect=Imp|Mood=Ind|Number=Sing|Person=3|Tense=Pres|VerbForm=Fin|Voice=Act	_	_	_	@ap1990f-words#@ap1990f#146.024#146.298
49	?	?	PUNCT	_	_	_	_	_	@ap1990f-words#@ap1990f#146.298#146.572
50	/	/	PUNCT	_	_	_	_	_	@ap1990f-words#@ap1990f#146.572#146.846
51	лошадки	лошадка	NOUN	_	Animacy=Anim|Case=Gen|Gender=Fem|Number=Sing	_	_	_	@ap1990f-words#@ap1990f#146.846#147.12
52	нету	нет	VERB	_	Aspect=Imp|Mood=Ind|Number=Sing|Person=3|Tense=Pres|VerbForm=Fin|Voice=Act	_	_	_	@ap1990f-words#@ap1990f#147.12#147.394
53	поч...	почему	ADV	_	Degree=Pos	_	_	_	@ap1990f-words#@ap1990f#147.394#147.673
54	мы	мы	PRON	_	Case=Nom|Number=Plur|Person=1	_	_	_	@ap1990f-words#@ap1990f#151.996#152.285
55	встретились	встретиться	VERB	_	Aspect=Perf|Mood=Ind|Number=Plur|Tense=Past|VerbForm=Fin|Voice=Mid	_	_	_	@ap1990f-words#@ap1990f#152.285#152.574
56	с	с	ADP	_	_	_	_	_	@ap1990f-words#@ap1990f#152.574#152.863
57	ильичом	ильич	PROPN	_	Animacy=Anim|Case=Ins|Gender=Masc|Number=Sing	_	_	_	@ap1990f-words#@ap1990f#152.863#153.152
58	месяца	месяц	NOUN	_	Animacy=Inan|Case=Gen|Gender=Masc|Number=Sing	_	_	_	@ap1990f-words#@ap1990f#153.152#153.441
59	два	два	NUM	_	Animacy=Inan|Case=Nom|Gender=Masc	_	_	_	@ap1990f-words#@ap1990f#153.441#153.73
60	до	до	ADP	_	_	_	_	_	@ap1990f-words#@ap1990f#153.73#154.019
61	клипа	клип	NOUN	_	Animacy=Inan|Case=Gen|Gender=Masc|Number=Sing	_	_	_	@ap1990f-words#@ap1990f#154.019#154.308
62	/	/	PUNCT	_	_	_	_	_	@ap1990f-words#@ap1990f#154.308#154.597
63	и	и	CCONJ	_	_	_	_	_	@ap1990f-words#@ap1990f#154.597#154.886
64	стали	стать	VERB	_	Aspect=Perf|Mood=Ind|Number=Plur|Tense=Past|VerbForm=Fin|Voice=Mid	_	_	_	@ap1990f-words#@ap1990f#154.886#155.175
65	/	/	PUNCT	_	_	_	_	_	@ap1990f-words#@ap1990f#155.175#155.464
66	в	в	ADP	_	_	_	_	_	@ap1990f-words#@ap1990f#155.464#155.753
67	блокнитик	блокнитик	NOUN	_	Animacy=Inan|Case=Acc|Gender=Masc|Number=Sing	_	_	_	@ap1990f-words#@ap1990f#155.753#156.042
68	/	/	PUNCT	_	_	_	_	_	@ap1990f-words#@ap1990f#156.042#156.331
69	писать	писать	VERB	_	Aspect=Imp|VerbForm=Inf|Voice=Act	_	_	_	@ap1990f-words#@ap1990f#156.331#156.62
70	э	э	INTJ	_	_	_	_	_	@ap1990f-words#@ap1990f#156.62#156.909
71	/	/	PUNCT	_	_	_	_	_	@ap1990f-words#@ap1990f#156.909#157.198
72	все	весь	DET	_	Case=Nom|Number=Plur	_	_	_	@ap1990f-words#@ap1990f#157.198#157.487
73	сцены	сцена	NOUN	_	Animacy=Inan|Case=Nom|Gender=Fem|Number=Plur	_	_	_	@ap1990f-words#@ap1990f#157.487#157.776
74	которые	который	DET	_	Case=Acc|Gender=Fem|Number=Plur	_	_	_	@ap1990f-words#@ap1990f#157.776#158.065
75	к	к	ADP	_	_	_	_	_	@ap1990f-words#@ap1990f#158.065#158.354
76	нам	мы	PRON	_	Case=Dat|Number=Plur|Person=1	_	_	_	@ap1990f-words#@ap1990f#158.354#158.643
77	приходят	приходить	VERB	_	Aspect=Imp|Mood=Ind|Number=Plur|Person=3|Tense=Pres|VerbForm=Fin|Voice=Act	_	_	_	@ap1990f-words#@ap1990f#158.643#158.932
78	/	/	PUNCT	_	_	_	_	_	@ap1990f-words#@ap1990f#158.932#159.221
79	что	что	PRON	_	Case=Nom	_	_	_	@ap1990f-words#@ap1990f#159.221#159.51
80	может	мочь	VERB	_	Aspect=Imp|Mood=Ind|Number=Sing|Person=3|Tense=Pres|VerbForm=Fin|Voice=Act	_	_	_	@ap1990f-words#@ap1990f#159.51#159.799
81	происходить	происходить	VERB	_	Aspect=Imp|VerbForm=Inf|Voice=Act	_	_	_	@ap1990f-words#@ap1990f#159.799#160.088
82	в	в	ADP	_	_	_	_	_	@ap1990f-words#@ap1990f#160.088#160.377
83	нашем	наш	DET	_	Case=Loc|Gender=Masc|Number=Sing	_	_	_	@ap1990f-words#@ap1990f#160.377#160.666
84	выдуманном	выдумнный	ADJ	_	Case=Loc|Degree=Pos|Gender=Masc|Number=Sing	_	_	_	@ap1990f-words#@ap1990f#160.666#160.955
85	мире	мир	NOUN	_	Animacy=Inan|Case=Loc|Gender=Masc|Number=Sing	_	_	_	@ap1990f-words#@ap1990f#160.955#161.244
86	/	/	PUNCT	_	_	_	_	_	@ap1990f-words#@ap1990f#161.244#161.533
87	вот	вот	PART	_	_	_	_	_	@ap1990f-words#@ap1990f#161.533#161.822
88	мы	мы	PRON	_	Case=Nom|Number=Plur|Person=1	_	_	_	@ap1990f-words#@ap1990f#161.822#162.111
89	расписали	расписасть	VERB	_	Aspect=Perf|Mood=Ind|Number=Plur|Tense=Past|VerbForm=Fin|Voice=Act	_	_	_	@ap1990f-words#@ap1990f#162.111#162.4
90	все	все	PRON	_	Animacy=Inan|Case=Acc|Gender=Neut|Number=Sing	_	_	_	@ap1990f-words#@ap1990f#162.4#162.689
91	даже	даже	PART	_	_	_	_	_	@ap1990f-words#@ap1990f#162.689#162.978
92	посекундно	посекундно	ADV	_	Degree=Pos	_	_	_	@ap1990f-words#@ap1990f#162.978#163.267
93	/	/	PUNCT	_	_	_	_	_	@ap1990f-words#@ap1990f#163.267#163.556
94	но	но	CCONJ	_	_	_	_	_	@ap1990f-words#@ap1990f#163.556#163.845
95	потом	потом	ADV	_	Degree=Pos	_	_	_	@ap1990f-words#@ap1990f#163.845#164.134
96	некоторые	некоторый	DET	_	Case=Nom|Number=Plur	_	_	_	@ap1990f-words#@ap1990f#164.134#164.423
97	сцены	сцена	NOUN	_	Animacy=Inan|Case=Nom|Gender=Fem|Number=Plur	_	_	_	@ap1990f-words#@ap1990f#164.423#164.712
98	/	/	PUNCT	_	_	_	_	_	@ap1990f-words#@ap1990f#164.712#165.001
99	выпали	выпасть	VERB	_	Aspect=Perf|Mood=Ind|Number=Plur|Tense=Past|VerbForm=Fin|Voice=Act	_	_	_	@ap1990f-words#@ap1990f#165.001#165.29
100	потому	потому	ADV	_	Degree=Pos	_	_	_	@ap1990f-words#@ap1990f#165.29#165.579
101	что	что	SCONJ	_	_	_	_	_	@ap1990f-words#@ap1990f#165.579#165.868
102	я	я	PRON	_	Case=Nom|Number=Sing|Person=1	_	_	_	@ap1990f-words#@ap1990f#165.868#166.157
103	честно	честно	ADV	_	Degree=Pos	_	_	_	@ap1990f-words#@ap1990f#166.157#166.446
104	сказать	сказать	VERB	_	Aspect=Perf|VerbForm=Inf|Voice=Act	_	_	_	@ap1990f-words#@ap1990f#166.446#166.735
105	не	не	PART	_	_	_	_	_	@ap1990f-words#@ap1990f#166.735#167.024
106	смогла	мочь	VERB	_	Aspect=Perf|Gender=Fem|Mood=Ind|Number=Sing|Tense=Past|VerbForm=Fin|Voice=Act	_	_	_	@ap1990f-words#@ap1990f#167.024#167.313
107	прочитать	прочитать	VERB	_	Aspect=Perf|VerbForm=Inf|Voice=Act	_	_	_	@ap1990f-words#@ap1990f#167.313#167.602
108	свой	свой	DET	_	Case=Acc|Gender=Masc|Number=Sing	_	_	_	@ap1990f-words#@ap1990f#167.602#167.891
109	почерк	почерк	NOUN	_	Animacy=Inan|Case=Acc|Gender=Masc|Number=Sing	_	_	_	@ap1990f-words#@ap1990f#167.891#168.205
110	не	не	PART	_	_	_	_	_	@ap1990f-words#@ap1990f#173.657#173.942
111	буфетчицу	буфетчица	NOUN	_	Animacy=Anim|Case=Acc|Gender=Fem|Number=Sing	_	_	_	@ap1990f-words#@ap1990f#173.942#174.227
112	мы	мы	PRON	_	Case=Nom|Number=Plur|Person=1	_	_	_	@ap1990f-words#@ap1990f#174.227#174.512
113	там	там	ADV	_	Degree=Pos	_	_	_	@ap1990f-words#@ap1990f#174.512#174.797
114	придумали	придумать	VERB	_	Aspect=Perf|Mood=Ind|Number=Plur|Tense=Past|VerbForm=Fin|Voice=Act	_	_	_	@ap1990f-words#@ap1990f#174.797#175.082
115	тоже	тоже	ADV	_	Degree=Pos	_	_	_	@ap1990f-words#@ap1990f#175.082#175.367
116	только	только	PART	_	_	_	_	_	@ap1990f-words#@ap1990f#175.367#175.652
117	не	не	PART	_	_	_	_	_	@ap1990f-words#@ap1990f#175.652#175.937
118	знали	знать	VERB	_	Aspect=Imp|Mood=Ind|Number=Plur|Tense=Past|VerbForm=Fin|Voice=Act	_	_	_	@ap1990f-words#@ap1990f#175.937#176.222
119	как	как	ADV	_	Degree=Pos	_	_	_	@ap1990f-words#@ap1990f#176.222#176.507
120	сделать	cделать	VERB	_	Aspect=Perf|VerbForm=Inf|Voice=Act	_	_	_	@ap1990f-words#@ap1990f#176.507#176.796
121	очень	очень	ADV	_	Degree=Pos	_	_	_	@ap1990f-words#@ap1990f#176.851#177.22
122	долго	долго	ADV	_	Degree=Pos	_	_	_	@ap1990f-words#@ap1990f#177.22#177.589
123	сомневались	сомневаться	VERB	_	Aspect=Imp|Mood=Ind|Number=Plur|Tense=Past|VerbForm=Fin|Voice=Mid	_	_	_	@ap1990f-words#@ap1990f#177.589#177.958
124	/	/	PUNCT	_	_	_	_	_	@ap1990f-words#@ap1990f#177.958#178.327
125	нужен	нужный	ADJ	_	Degree=Pos|Gender=Masc|Number=Sing|Variant=Short	_	_	_	@ap1990f-words#@ap1990f#178.327#178.696
126	нам	мы	PRON	_	Case=Dat|Number=Plur|Person=1	_	_	_	@ap1990f-words#@ap1990f#178.696#179.065
127	/	/	PUNCT	_	_	_	_	_	@ap1990f-words#@ap1990f#179.065#179.434
128	нужна	нужный	ADJ	_	Degree=Pos|Gender=Fem|Number=Sing|Variant=Short	_	_	_	@ap1990f-words#@ap1990f#179.434#179.803
129	нам	мы	PRON	_	Case=Dat|Number=Plur|Person=1	_	_	_	@ap1990f-words#@ap1990f#179.803#180.172
130	эта	этот	DET	_	Case=Nom|Gender=Fem|Number=Sing	_	_	_	@ap1990f-words#@ap1990f#180.172#180.541
131	сцена	сцена	NOUN	_	Animacy=Inan|Case=Nom|Gender=Fem|Number=Sing	_	_	_	@ap1990f-words#@ap1990f#180.541#180.91
132	или	или	CCONJ	_	_	_	_	_	@ap1990f-words#@ap1990f#180.91#181.279
133	не	не	PART	_	_	_	_	_	@ap1990f-words#@ap1990f#181.279#181.648
134	нужна	нужный	ADJ	_	Degree=Pos|Gender=Fem|Number=Sing|Variant=Short	_	_	_	@ap1990f-words#@ap1990f#181.648#182.017
135	/	/	PUNCT	_	_	_	_	_	@ap1990f-words#@ap1990f#182.017#182.386
136	ээ	ээ	INTJ	_	_	_	_	_	@ap1990f-words#@ap1990f#182.386#182.755
137	[нрзб]	[нрзб]	X	_	_	_	_	_	@ap1990f-words#@ap1990f#182.755#183.14
138	сима	сима	PROPN	_	Animacy=Anim|Case=Nom|Gender=Fem|Number=Sing	_	_	_	@ap1990f-words#@ap1990f#190.353#217.317
139	да	да	PART	_	_	_	_	_	@ap1990f-words#@ap1990f#217.317#217.545
140	/	/	PUNCT	_	_	_	_	_	@ap1990f-words#@ap1990f#217.545#217.773
141	ты	ты	PRON	_	Case=Nom|Number=Sing|Person=2	_	_	_	@ap1990f-words#@ap1990f#217.773#218.001
142	очень	очень	ADV	_	Degree=Pos	_	_	_	@ap1990f-words#@ap1990f#218.001#218.229
143	долго	долго	ADV	_	Degree=Pos	_	_	_	@ap1990f-words#@ap1990f#218.229#218.457
144	топил	топить	VERB	_	Aspect=Imp|Gender=Masc|Mood=Ind|Number=Sing|Tense=Past|VerbForm=Fin|Voice=Act	_	_	_	@ap1990f-words#@ap1990f#218.457#218.685
145	/	/	PUNCT	_	_	_	_	_	@ap1990f-words#@ap1990f#218.685#218.913
146	может	мочь	VERB	_	Aspect=Imp|Mood=Ind|Number=Sing|Person=3|Tense=Pres|VerbForm=Fin|Voice=Act	_	_	_	@ap1990f-words#@ap1990f#218.913#219.141
147	быть	быть	VERB	_	Aspect=Imp|VerbForm=Inf|Voice=Act	_	_	_	@ap1990f-words#@ap1990f#219.141#219.369
148	не	не	PART	_	_	_	_	_	@ap1990f-words#@ap1990f#219.369#219.597
149	надо	надо	ADV	_	Degree=Pos	_	_	_	@ap1990f-words#@ap1990f#219.597#219.825
150	?	?	PUNCT	_	_	_	_	_	@ap1990f-words#@ap1990f#219.825#220.053
151	/	/	PUNCT	_	_	_	_	_	@ap1990f-words#@ap1990f#220.053#220.281
152	нам	мы	PRON	_	Case=Dat|Number=Plur|Person=1	_	_	_	@ap1990f-words#@ap1990f#220.281#220.509
153	надо	надо	ADV	_	Degree=Pos	_	_	_	@ap1990f-words#@ap1990f#220.509#220.737
154	что-то	что-то	PRON	_	Case=Acc	_	_	_	@ap1990f-words#@ap1990f#220.737#220.965
155	придумать	придумать	VERB	_	Aspect=Perf|VerbForm=Inf|Voice=Act	_	_	_	@ap1990f-words#@ap1990f#220.965#221.193
156	что-то	что-то	PRON	_	Case=Acc	_	_	_	@ap1990f-words#@ap1990f#221.193#221.421
157	еще	еще	ADV	_	Degree=Pos	_	_	_	@ap1990f-words#@ap1990f#221.421#221.666
158	а	а	CCONJ	_	_	_	_	_	@ap1990f-words#@ap1990f#221.667#221.941
159	у	у	ADP	_	_	_	_	_	@ap1990f-words#@ap1990f#221.941#222.215
160	меня	я	PRON	_	Case=Gen|Number=Sing|Person=1	_	_	_	@ap1990f-words#@ap1990f#222.215#222.489
161	почему-то	почему-то	ADV	_	Degree=Pos	_	_	_	@ap1990f-words#@ap1990f#222.489#222.763
162	вот	вот	PART	_	_	_	_	_	@ap1990f-words#@ap1990f#222.763#223.037
163	сразу	сразу	ADV	_	Degree=Pos	_	_	_	@ap1990f-words#@ap1990f#223.037#223.311
164	как-то	как-то	ADV	_	Degree=Pos	_	_	_	@ap1990f-words#@ap1990f#223.311#223.585
165	душа	душа	NOUN	_	Animacy=Inan?|Case=Nom|Gender=Fem|Number=Sing	_	_	_	@ap1990f-words#@ap1990f#223.585#223.859
166	к	к	ADP	_	_	_	_	_	@ap1990f-words#@ap1990f#223.859#224.133
167	ней	она	PRON	_	Case=Dat|Gender=Fem|Number=Sing|Person=3	_	_	_	@ap1990f-words#@ap1990f#224.133#224.407
168	лежала	лежать	VERB	_	Aspect=Imp|Gender=Fem|Mood=Ind|Number=Sing|Tense=Past|VerbForm=Fin|Voice=Act	_	_	_	@ap1990f-words#@ap1990f#224.407#224.686
169	но	но	CCONJ	_	_	_	_	_	@ap1990f-words#@ap1990f#224.848#225.044
170	у	у	ADP	_	_	_	_	_	@ap1990f-words#@ap1990f#225.044#225.24
171	меня	я	PRON	_	Case=Gen|Number=Sing|Person=1	_	_	_	@ap1990f-words#@ap1990f#225.24#225.436
172	не	не	PART	_	_	_	_	_	@ap1990f-words#@ap1990f#225.436#225.632
173	лежала	лежать	VERB	_	Aspect=Imp|Gender=Fem|Mood=Ind|Number=Sing|Tense=Past|VerbForm=Fin|Voice=Act	_	_	_	@ap1990f-words#@ap1990f#225.632#225.828
174	душа	душа	NOUN	_	Animacy=Inan?|Case=Nom|Gender=Fem|Number=Sing	_	_	_	@ap1990f-words#@ap1990f#225.828#226.024
175	к	к	ADP	_	_	_	_	_	@ap1990f-words#@ap1990f#226.024#226.22
176	котикам	котик	NOUN	_	Animacy=Anim|Case=Dat|Gender=Masc|Number=Plur	_	_	_	@ap1990f-words#@ap1990f#226.22#226.418
177	вот	вот	PART	_	_	_	_	_	@ap1990f-words#@ap1990f#226.555#226.953
178	/	/	PUNCT	_	_	_	_	_	@ap1990f-words#@ap1990f#226.953#227.351
179	котики	котик	NOUN	_	Animacy=Anim|Case=Nom|Gender=Masc|Number=Plur	_	_	_	@ap1990f-words#@ap1990f#227.351#227.749
180	хотя	хотя	PART	_	_	_	_	_	@ap1990f-words#@ap1990f#227.749#228.147
181	все	все	PRON	_	Case=Nom|Number=Plur	_	_	_	@ap1990f-words#@ap1990f#228.147#228.545
182	с	с	ADP	_	_	_	_	_	@ap1990f-words#@ap1990f#228.545#228.943
183	них	они	PRON	_	Case=Gen|Number=Plur|Person=3	_	_	_	@ap1990f-words#@ap1990f#228.943#229.341
184	угарают	угарать	VERB	_	Aspect=Imp|Mood=Ind|Number=Plur|Person=3|Tense=Pres|VerbForm=Fin|Voice=Act	_	_	_	@ap1990f-words#@ap1990f#229.341#229.739
185	и	и	CCONJ	_	_	_	_	_	@ap1990f-words#@ap1990f#229.739#230.137
186	ржут	ржать	VERB	_	Aspect=Imp|Mood=Ind|Number=Plur|Person=3|Tense=Pres|VerbForm=Fin|Voice=Act	_	_	_	@ap1990f-words#@ap1990f#230.137#230.535
187	я	я	PRON	_	Case=Nom|Number=Sing|Person=1	_	_	_	@ap1990f-words#@ap1990f#230.535#230.933
188	прям	прямо	ADV	_	Degree=Pos	_	_	_	@ap1990f-words#@ap1990f#230.933#231.331
189	не	не	PART	_	_	_	_	_	@ap1990f-words#@ap1990f#231.331#231.729
190	знала	знать	VERB	_	Aspect=Imp|Gender=Fem|Mood=Ind|Number=Sing|Tense=Past|VerbForm=Fin|Voice=Act	_	_	_	@ap1990f-words#@ap1990f#231.729#232.127
191	типа	тип	PART	_	_	_	_	_	@ap1990f-words#@ap1990f#232.127#232.525
192	вот	вот	PART	_	_	_	_	_	@ap1990f-words#@ap1990f#232.525#232.923
193	нужно	нужный	ADJ	_	Degree=Pos|Gender=Neut|Number=Sing|Variant=Short	_	_	_	@ap1990f-words#@ap1990f#232.923#233.321
194	ее	она	PRON	_	Case=Acc|Gender=Fem|Number=Sing|Person=3	_	_	_	@ap1990f-words#@ap1990f#233.321#233.719
195	или	или	CCONJ	_	_	_	_	_	@ap1990f-words#@ap1990f#233.719#234.117
196	нет	нет	PART	_	_	_	_	_	@ap1990f-words#@ap1990f#234.117#234.515
197	/	/	PUNCT	_	_	_	_	_	@ap1990f-words#@ap1990f#234.515#234.913
198	/	/	PUNCT	_	_	_	_	_	@ap1990f-words#@ap1990f#234.913#235.311
199	я	я	PRON	_	Case=Nom|Number=Sing|Person=1	_	_	_	@ap1990f-words#@ap1990f#235.311#235.709
200	даже	даже	PART	_	_	_	_	_	@ap1990f-words#@ap1990f#235.709#236.107
201	когда	когда	SCONJ	_	_	_	_	_	@ap1990f-words#@ap1990f#236.107#236.505
202	мы	мы	PRON	_	Case=Nom|Number=Plur|Person=1	_	_	_	@ap1990f-words#@ap1990f#236.505#236.903
203	снимали	снимать	VERB	_	Aspect=Imp|Mood=Ind|Number=Plur|Tense=Past|VerbForm=Fin|Voice=Act	_	_	_	@ap1990f-words#@ap1990f#236.903#237.301
204	ее	она	PRON	_	Case=Acc|Gender=Fem|Number=Sing|Person=3	_	_	_	@ap1990f-words#@ap1990f#237.301#237.699
205	и	и	CCONJ	_	_	_	_	_	@ap1990f-words#@ap1990f#237.699#238.097
206	нам	мы	PRON	_	Case=Dat|Number=Plur|Person=1	_	_	_	@ap1990f-words#@ap1990f#238.097#238.495
207	привезли	привезти	VERB	_	Aspect=Perf|Mood=Ind|Number=Plur|Tense=Past|VerbForm=Fin|Voice=Act	_	_	_	@ap1990f-words#@ap1990f#238.495#238.893
208	не	не	PART	_	_	_	_	_	@ap1990f-words#@ap1990f#238.893#239.291
209	тех	тот	DET	_	Case=Gen|Number=Plur	_	_	_	@ap1990f-words#@ap1990f#239.291#239.689
210	котов	кот	NOUN	_	Animacy=Anim|Case=Gen|Gender=Masc|Number=Plur	_	_	_	@ap1990f-words#@ap1990f#239.689#240.087
211	я	я	PRON	_	Case=Nom|Number=Sing|Person=1	_	_	_	@ap1990f-words#@ap1990f#240.087#240.485
212	думала	думать	VERB	_	Aspect=Imp|Gender=Fem|Mood=Ind|Number=Sing|Tense=Past|VerbForm=Fin|Voice=Act	_	_	_	@ap1990f-words#@ap1990f#240.485#240.883
213	/	/	PUNCT	_	_	_	_	_	@ap1990f-words#@ap1990f#240.883#241.281
214	господи	господь	NOUN	_	Animacy=Anim|Case=Nom|Gender=Masc|Number=Sing	_	_	_	@ap1990f-words#@ap1990f#241.281#241.679
215	/	/	PUNCT	_	_	_	_	_	@ap1990f-words#@ap1990f#241.679#242.077
216	блин	блин	NOUN	_	Animacy=Inan|Case=Nom|Gender=Masc|Number=Sing	_	_	_	@ap1990f-words#@ap1990f#242.077#242.475
217	/	/	PUNCT	_	_	_	_	_	@ap1990f-words#@ap1990f#242.475#242.873
218	почему	почему	ADV	_	Degree=Pos	_	_	_	@ap1990f-words#@ap1990f#242.873#243.271
219	?	?	PUNCT	_	_	_	_	_	@ap1990f-words#@ap1990f#243.271#243.692
220	а	а	CCONJ	_	_	_	_	_	@ap1990f-words#@ap1990f#271.029#271.343
221	вы	вы	PRON	_	Case=Nom|Number=Plur|Person=2	_	_	_	@ap1990f-words#@ap1990f#271.343#271.657
222	заметили	заметить	VERB	_	Aspect=Perf|Mood=Ind|Number=Plur|Tense=Past|VerbForm=Fin|Voice=Act	_	_	_	@ap1990f-words#@ap1990f#271.657#271.971
223	то	то	SCONJ	_	_	_	_	_	@ap1990f-words#@ap1990f#271.971#272.285
224	что	что	PRON	_	Case=Nom	_	_	_	@ap1990f-words#@ap1990f#272.285#272.599
225	водка	водка	NOUN	_	Animacy=Inan|Case=Nom|Gender=Fem|Number=Sing	_	_	_	@ap1990f-words#@ap1990f#272.599#272.913
226	в	в	ADP	_	_	_	_	_	@ap1990f-words#@ap1990f#272.913#273.227
227	клипе	клип	NOUN	_	Animacy=Inan|Case=Loc|Gender=Masc|Number=Sing	_	_	_	@ap1990f-words#@ap1990f#273.227#273.541
228	у	у	ADP	_	_	_	_	_	@ap1990f-words#@ap1990f#273.541#273.855
229	нас	мы	PRON	_	Case=Gen|Number=Plur|Person=1	_	_	_	@ap1990f-words#@ap1990f#273.855#274.169
230	the	the	X	_	_	_	_	_	@ap1990f-words#@ap1990f#274.169#274.483
231	hatters	hatters	X	_	_	_	_	_	@ap1990f-words#@ap1990f#274.483#274.797
232	?	?	PUNCT	_	_	_	_	_	@ap1990f-words#@ap1990f#274.797#275.111
233	forever	forever	X	_	_	_	_	_	@ap1990f-words#@ap1990f#275.111#275.425
234	young	young	X	_	_	_	_	_	@ap1990f-words#@ap1990f#275.425#275.739
235	forever	forever	X	_	_	_	_	_	@ap1990f-words#@ap1990f#275.739#276.053
236	drunk	drunk	X	_	_	_	_	_	@ap1990f-words#@ap1990f#276.053#276.382
237	#смеется#	#смеется#	X	_	_	_	_	_	@ap1990f-words#@ap1990f#290.697#292.097
238	перед	перед	ADP	_	_	_	_	_	@ap1990f-words#@ap1990f#301.622#301.927
239	клипом	клип	NOUN	_	Animacy=Inan|Case=Ins|Gender=Masc|Number=Sing	_	_	_	@ap1990f-words#@ap1990f#301.927#302.232
240	мы	мы	PRON	_	Case=Nom|Number=Plur|Person=1	_	_	_	@ap1990f-words#@ap1990f#302.232#302.537
241	решили	решить	VERB	_	Aspect=Perf|Mood=Ind|Number=Plur|Tense=Past|VerbForm=Fin|Voice=Act	_	_	_	@ap1990f-words#@ap1990f#302.537#302.842
242	снять	снять	VERB	_	Aspect=Perf|VerbForm=Inf|Voice=Act	_	_	_	@ap1990f-words#@ap1990f#302.842#303.147
243	прешут	прешут	NOUN	_	Foreign=Yes	_	_	_	@ap1990f-words#@ap1990f#303.147#303.452
244	в	в	ADP	_	_	_	_	_	@ap1990f-words#@ap1990f#303.452#303.757
245	офисе	офис	NOUN	_	Animacy=Inan|Case=Loc|Gender=Masc|Number=Sing	_	_	_	@ap1990f-words#@ap1990f#303.757#304.062
246	то	то	PRON	_	_	_	_	_	@ap1990f-words#@ap1990f#304.062#304.367
247	есть	быть	VERB	_	_	_	_	_	@ap1990f-words#@ap1990f#304.367#304.672
248	потестить	потестить	VERB	_	Aspect=Perf|VerbForm=Inf|Voice=Act	_	_	_	@ap1990f-words#@ap1990f#304.672#304.977
249	все	все	PRON	_	Case=Acc|Number=Plur|Person=3	_	_	_	@ap1990f-words#@ap1990f#304.977#305.282
250	вот	вот	PART	_	_	_	_	_	@ap1990f-words#@ap1990f#305.282#305.587
251	эти	этот	DET	_	Case=Acc|Number=Plur	_	_	_	@ap1990f-words#@ap1990f#305.587#305.892
252	вот	вот	PART	_	_	_	_	_	@ap1990f-words#@ap1990f#305.892#306.197
253	движения	движение	NOUN	_	Animacy=Inan|Case=Acc|Gender=Neut|Number=Plur	_	_	_	@ap1990f-words#@ap1990f#306.197#306.502
254	и	и	CCONJ	_	_	_	_	_	@ap1990f-words#@ap1990f#306.502#306.807
255	вот	вот	PART	_	_	_	_	_	@ap1990f-words#@ap1990f#306.807#307.112
256	соответственно	соответственно	ADV	_	Degree=Pos	_	_	_	@ap1990f-words#@ap1990f#307.112#307.417
257	танец	танец	NOUN	_	Animacy=Inan|Case=Acc|Gender=Masc|Number=Sing	_	_	_	@ap1990f-words#@ap1990f#307.417#307.722
258	да	да	CCONJ	_	_	_	_	_	@ap1990f-words#@ap1990f#307.722#308.027
259	и	и	CCONJ	_	_	_	_	_	@ap1990f-words#@ap1990f#308.027#308.332
260	посмотреть	смотреть	VERB	_	Aspect=Perf|VerbForm=Inf|Voice=Act	_	_	_	@ap1990f-words#@ap1990f#308.332#308.637
261	как	как	ADV	_	Degree=Pos	_	_	_	@ap1990f-words#@ap1990f#308.637#308.942
262	все	весь	DET	_	Case=Nom|Gender=Neut|Number=Sing	_	_	_	@ap1990f-words#@ap1990f#308.942#309.247
263	это	это	PRON	_	Animacy=Inan|Case=Nom|Gender=Neut|Number=Sing	_	_	_	@ap1990f-words#@ap1990f#309.247#309.552
264	склеится	склеить	VERB	_	Aspect=Perf|Mood=Ind|Number=Sing|Person=3|Tense=Pres|VerbForm=Fin|Voice=Mid	_	_	_	@ap1990f-words#@ap1990f#309.552#309.859
265	но	но	CCONJ	_	_	_	_	_	@ap1990f-words#@ap1990f#324.024#324.361
266	мы	мы	PRON	_	Case=Nom|Number=Plur|Person=1	_	_	_	@ap1990f-words#@ap1990f#324.361#324.698
267	столкнулись	столкнуться	VERB	_	Aspect=Perf|Mood=Ind|Number=Plur|Tense=Past|VerbForm=Fin|Voice=Mid	_	_	_	@ap1990f-words#@ap1990f#324.698#325.035
268	с	с	ADP	_	_	_	_	_	@ap1990f-words#@ap1990f#325.035#325.372
269	одной	один	NUM	_	Case=Ins|Gender=Fem	_	_	_	@ap1990f-words#@ap1990f#325.372#325.709
270	проблемой	проблема	NOUN	_	Animacy=Inan|Case=Ins|Gender=Fem|Number=Sing	_	_	_	@ap1990f-words#@ap1990f#325.709#326.046
271	/	/	PUNCT	_	_	_	_	_	@ap1990f-words#@ap1990f#326.046#326.383
272	того	то	PRON	_	Animacy=Inan|Case=Gen|Gender=Neut|Number=Sing	_	_	_	@ap1990f-words#@ap1990f#326.383#326.72
273	что	что	SCONJ	_	_	_	_	_	@ap1990f-words#@ap1990f#326.72#327.057
274	никто	никто	PRON	_	Case=Nom	_	_	_	@ap1990f-words#@ap1990f#327.057#327.394
275	в	в	ADP	_	_	_	_	_	@ap1990f-words#@ap1990f#327.394#327.731
276	офисе	офис	NOUN	_	Animacy=Inan|Case=Loc|Gender=Masc|Number=Sing	_	_	_	@ap1990f-words#@ap1990f#327.731#328.068
277	не	не	PART	_	_	_	_	_	@ap1990f-words#@ap1990f#328.068#328.405
278	мог	мочь	VERB	_	Aspect=Imp|Gender=Masc|Mood=Ind|Number=Sing|Tense=Past|VerbForm=Fin|Voice=Act	_	_	_	@ap1990f-words#@ap1990f#328.405#328.742
279	правильно	правильно	ADV	_	Degree=Pos	_	_	_	@ap1990f-words#@ap1990f#328.742#329.079
280	повторить	повторить	VERB	_	Aspect=Perf|VerbForm=Inf|Voice=Act	_	_	_	@ap1990f-words#@ap1990f#329.079#329.416
281	вот	вот	PART	_	_	_	_	_	@ap1990f-words#@ap1990f#329.416#329.753
282	это	это	DET	_	Case=Acc|Gender=Neut|Number=Sing	_	_	_	@ap1990f-words#@ap1990f#329.753#330.09
283	вот	вот	PART	_	_	_	_	_	@ap1990f-words#@ap1990f#330.09#330.427
284	движение	движение	NOUN	_	Animacy=Inan|Case=Acc|Gender=Neut|Number=Sing	_	_	_	@ap1990f-words#@ap1990f#330.427#330.769
285	кроме	кроме	ADP	_	_	_	_	_	@ap1990f-words#@ap1990f#332.72#333.133
286	тебя	ты	PRON	_	Case=Gen|Number=Sing|Person=2	_	_	_	@ap1990f-words#@ap1990f#333.133#333.546
287	естественно	естественно	ADV	_	Degree=Pos	_	_	_	@ap1990f-words#@ap1990f#333.546#333.96
288	вот	вот	PART	_	_	_	_	_	@ap1990f-words#@ap1990f#334.881#335.446
289	единственный	единственный	ADJ	_	Case=Nom|Degree=Pos|Gender=Masc|Number=Sing	_	_	_	@ap1990f-words#@ap1990f#336.034#336.399
290	человек	человек	NOUN	_	Animacy=Anim|Case=Nom|Gender=Masc|Number=Sing	_	_	_	@ap1990f-words#@ap1990f#336.399#336.764
291	который	который	DET	_	Case=Nom|Gender=Masc|Number=Sing	_	_	_	@ap1990f-words#@ap1990f#336.764#337.129
292	повторил	повторить	VERB	_	Aspect=Perf|Gender=Masc|Mood=Ind|Number=Sing|Tense=Past|VerbForm=Fin|Voice=Act	_	_	_	@ap1990f-words#@ap1990f#337.129#337.494
293	его	он	PRON	_	Case=Acc|Gender=Masc|Number=Sing|Person=3	_	_	_	@ap1990f-words#@ap1990f#337.494#337.859
294	идеально	идеально	ADV	_	Degree=Pos	_	_	_	@ap1990f-words#@ap1990f#337.859#338.224
295	это	это	PRON	_	Animacy=Inan|Case=Nom|Gender=Neut|Number=Sing	_	_	_	@ap1990f-words#@ap1990f#338.224#338.589
296	был	быть	AUX	_	Aspect=Imp|Gender=Masc|Mood=Ind|Number=Sing|Tense=Past|VerbForm=Fin|Voice=Act	_	_	_	@ap1990f-words#@ap1990f#338.589#338.954
297	музыченко	музыченко	PROPN	_	Animacy=Anim|Case=Nom|Gender=Masc|Number=Sing	_	_	_	@ap1990f-words#@ap1990f#338.954#339.325
298	мы	мы	PRON	_	Case=Nom|Number=Plur|Person=1	_	_	_	@ap1990f-words#@ap1990f#347.964#348.326
299	проводили	проводить	VERB	_	Aspect=Imp|Mood=Ind|Number=Plur|Tense=Past|VerbForm=Fin|Voice=Act	_	_	_	@ap1990f-words#@ap1990f#348.326#348.688
300	кастинг	кастинг	NOUN	_	Animacy=Inan|Case=Acc|Gender=Masc|Number=Sing	_	_	_	@ap1990f-words#@ap1990f#348.688#349.05
301	танцоров	танцор	NOUN	_	Animacy=Inan|Case=Gen|Gender=Masc|Number=Plur	_	_	_	@ap1990f-words#@ap1990f#349.05#349.412
302	/	/	PUNCT	_	_	_	_	_	@ap1990f-words#@ap1990f#349.412#349.774
303	а	а	CCONJ	_	_	_	_	_	@ap1990f-words#@ap1990f#349.774#350.136
304	/	/	PUNCT	_	_	_	_	_	@ap1990f-words#@ap1990f#350.136#350.498
305	пришло	прийти	VERB	_	Aspect=Perf|Mood=Ind|Number=Plur|Tense=Past|VerbForm=Fin|Voice=Act	_	_	_	@ap1990f-words#@ap1990f#350.498#350.86
306	очень	очень	ADV	_	Degree=Pos	_	_	_	@ap1990f-words#@ap1990f#350.86#351.222
307	много	много	ADV	_	Degree=Pos	_	_	_	@ap1990f-words#@ap1990f#351.222#351.584
308	народу	народ	NOUN	_	Animacy=Anim|Case=Gen|Gender=Masc|Number=Sing	_	_	_	@ap1990f-words#@ap1990f#351.584#351.946
309	/	/	PUNCT	_	_	_	_	_	@ap1990f-words#@ap1990f#351.946#352.308
310	и	и	CCONJ	_	_	_	_	_	@ap1990f-words#@ap1990f#352.308#352.67
311	мы	мы	PRON	_	Case=Nom|Number=Plur|Person=1	_	_	_	@ap1990f-words#@ap1990f#352.67#353.032
312	с	с	ADP	_	_	_	_	_	@ap1990f-words#@ap1990f#353.032#353.394
313	нашим	наш	DET	_	Case=Ins|Gender=Masc|Number=Sing	_	_	_	@ap1990f-words#@ap1990f#353.394#353.756
314	танцором	танцор	NOUN	_	Animacy=Anim|Case=Ins|Gender=Masc|Number=Sing	_	_	_	@ap1990f-words#@ap1990f#353.756#354.118
315	тимофеем	Тимофей	PROPN	_	Animacy=Anim|Case=Ins|Gender=Masc|Number=Sing	_	_	_	@ap1990f-words#@ap1990f#354.118#354.48
316	/	/	PUNCT	_	_	_	_	_	@ap1990f-words#@ap1990f#354.48#354.842
317	с	с	ADP	_	_	_	_	_	@ap1990f-words#@ap1990f#354.842#355.204
318	нашим	наш	DET	_	Case=Ins|Gender=Masc|Number=Sing	_	_	_	@ap1990f-words#@ap1990f#355.204#355.566
319	хореографом	хореограф	NOUN	_	Animacy=Anim|Case=Ins|Gender=Masc|Number=Sing	_	_	_	@ap1990f-words#@ap1990f#355.566#355.928
320	/	/	PUNCT	_	_	_	_	_	@ap1990f-words#@ap1990f#355.928#356.29
321	нашим	наш	DET	_	Case=Ins|Gender=Masc|Number=Sing	_	_	_	@ap1990f-words#@ap1990f#356.29#356.652
322	хореографом	хореограф	NOUN	_	Animacy=Anim|Case=Ins|Gender=Masc|Number=Sing	_	_	_	@ap1990f-words#@ap1990f#356.652#357.014
323	тимофеем	тимофей	PROPN	_	Animacy=Anim|Case=Ins|Gender=Masc|Number=Sing	_	_	_	@ap1990f-words#@ap1990f#357.014#357.376
324	/	/	PUNCT	_	_	_	_	_	@ap1990f-words#@ap1990f#357.376#357.738
325	добили	добить	VERB	_	Aspect=Perf|Mood=Ind|Number=Plur|Tense=Past|VerbForm=Fin|Voice=Act	_	_	_	@ap1990f-words#@ap1990f#357.738#358.1
326	как	как	PART	_	_	_	_	_	@ap1990f-words#@ap1990f#358.1#358.462
327	раз	раз	PART	_	_	_	_	_	@ap1990f-words#@ap1990f#358.462#358.824
328	таки	таки	PART	_	_	_	_	_	@ap1990f-words#@ap1990f#358.824#359.186
329	всю	весь	DET	_	Case=Acc|Gender=Fem|Number=Sing	_	_	_	@ap1990f-words#@ap1990f#359.186#359.548
330	нашу	наш	DET	_	Case=Acc|Gender=Fem|Number=Sing	_	_	_	@ap1990f-words#@ap1990f#359.548#359.91
331	вот	вот	PART	_	_	_	_	_	@ap1990f-words#@ap1990f#359.91#360.272
332	эту	этот	DET	_	Case=Acc|Gender=Fem|Number=Sing	_	_	_	@ap1990f-words#@ap1990f#360.272#360.634
333	связку	связка	NOUN	_	Animacy=Inan|Case=Acc|Gender=Fem|Number=Sing	_	_	_	@ap1990f-words#@ap1990f#360.634#360.996
334	придумали	придумать	VERB	_	Aspect=Perf|Mood=Ind|Number=Plur|Tense=Past|VerbForm=Fin|Voice=Act	_	_	_	@ap1990f-words#@ap1990f#360.996#361.358
335	вот	вот	PART	_	_	_	_	_	@ap1990f-words#@ap1990f#361.358#361.72
336	движения	движение	NOUN	_	Animacy=Inan|Case=Acc|Gender=Neut|Number=Plur	_	_	_	@ap1990f-words#@ap1990f#361.72#362.082
337	вот	вот	PART	_	_	_	_	_	@ap1990f-words#@ap1990f#362.082#362.444
338	/	/	PUNCT	_	_	_	_	_	@ap1990f-words#@ap1990f#362.444#362.806
339	финальное	финальный	ADJ	_	Case=Acc|Degree=Pos|Gender=Neut|Number=Sing	_	_	_	@ap1990f-words#@ap1990f#362.806#363.168
340	и	и	CCONJ	_	_	_	_	_	@ap1990f-words#@ap1990f#363.168#363.53
341	ну	ну	PART	_	_	_	_	_	@ap1990f-words#@ap1990f#363.53#363.892
342	соответственно	соответственно	ADV	_	Degree=Pos	_	_	_	@ap1990f-words#@ap1990f#363.892#364.254
343	танцоры	танцор	NOUN	_	Animacy=Anim|Case=Nom|Gender=Masc|Number=Plur	_	_	_	@ap1990f-words#@ap1990f#364.254#364.616
344	учили	учить	VERB	_	Aspect=Imp|Mood=Ind|Number=Plur|Tense=Past|VerbForm=Fin|Voice=Act	_	_	_	@ap1990f-words#@ap1990f#364.616#365.016
345	и	и	CCONJ	_	_	_	_	_	@ap1990f-words#@ap1990f#385.029#385.309
346	проблема	проблема	NOUN	_	Animacy=Inan|Case=Nom|Gender=Fem|Number=Sing	_	_	_	@ap1990f-words#@ap1990f#385.309#385.589
347	в	в	ADP	_	_	_	_	_	@ap1990f-words#@ap1990f#385.589#385.869
348	том	то	PRON	_	Case=Loc|Gender=Masc|Number=Sing	_	_	_	@ap1990f-words#@ap1990f#385.869#386.149
349	что	что	SCONJ	_	_	_	_	_	@ap1990f-words#@ap1990f#386.149#386.429
350	они	они	PRON	_	Case=Nom|Number=Plur|Person=3	_	_	_	@ap1990f-words#@ap1990f#386.429#386.709
351	говорили	говорить	VERB	_	Aspect=Imp|Mood=Ind|Number=Plur|Tense=Past|VerbForm=Fin|Voice=Act	_	_	_	@ap1990f-words#@ap1990f#386.709#386.989
352	/	/	PUNCT	_	_	_	_	_	@ap1990f-words#@ap1990f#386.989#387.269
353	господи	господь	NOUN	_	Animacy=Anim|Case=Nom|Gender=Masc|Number=Sing	_	_	_	@ap1990f-words#@ap1990f#387.269#387.549
354	/	/	PUNCT	_	_	_	_	_	@ap1990f-words#@ap1990f#387.549#387.829
355	мы	мы	PRON	_	Case=Nom|Number=Plur|Person=1	_	_	_	@ap1990f-words#@ap1990f#387.829#388.109
356	же	же	PART	_	_	_	_	_	@ap1990f-words#@ap1990f#388.109#388.389
357	танцоры	танцор	NOUN	_	Animacy=Anim|Case=Nom|Gender=Masc|Number=Plur	_	_	_	@ap1990f-words#@ap1990f#388.389#388.669
358	нам	мы	PRON	_	Case=Dat|Number=Plur|Person=1	_	_	_	@ap1990f-words#@ap1990f#388.669#388.949
359	получается	получаться	VERB	_	Aspect=Imp|Mood=Ind|Number=Sing|Person=3|Tense=Pres|VerbForm=Fin|Voice=Mid	_	_	_	@ap1990f-words#@ap1990f#388.949#389.229
360	что	что	SCONJ	_	_	_	_	_	@ap1990f-words#@ap1990f#389.229#389.509
361	надо	надо	ADV	_	Degree=Pos	_	_	_	@ap1990f-words#@ap1990f#389.509#389.789
362	разучиться	разучиться	VERB	_	Aspect=Perf|VerbForm=Inf|Voice=Mid	_	_	_	@ap1990f-words#@ap1990f#389.789#390.069
363	танцевать	танцевать	VERB	_	Aspect=Imp|VerbForm=Inf|Voice=Act	_	_	_	@ap1990f-words#@ap1990f#390.069#390.366
364	да	да	PART	_	_	_	_	_	@ivp1985m-words#@ivp1985m#115.417#116.0
365	мы	мы	PRON	_	Case=Nom|Number=Plur|Person=1	_	_	_	@ivp1985m-words#@ivp1985m#116.549#116.813
366	с	с	ADP	_	_	_	_	_	@ivp1985m-words#@ivp1985m#116.813#117.077
367	любимом	любим	PROPN	_	Animacy=Anim|Case=Ins|Gender=Masc|Number=Sing	_	_	_	@ivp1985m-words#@ivp1985m#117.077#117.341
368	называли	называть	VERB	_	Aspect=Imp|Mood=Ind|Number=Plur|Tense=Past|VerbForm=Fin|Voice=Act	_	_	_	@ivp1985m-words#@ivp1985m#117.341#117.605
369	это	это	PRON	_	Animacy=Inan|Case=Acc|Gender=Neut|Number=Sing	_	_	_	@ivp1985m-words#@ivp1985m#117.605#117.869
370	/	/	PUNCT	_	_	_	_	_	@ivp1985m-words#@ivp1985m#117.869#118.133
371	соло	соло	NOUN	_	Animacy=Inan|Case=Nom|Gender=Neut|Number=Sing	_	_	_	@ivp1985m-words#@ivp1985m#118.133#118.397
372	на	на	ADP	_	_	_	_	_	@ivp1985m-words#@ivp1985m#118.397#118.661
373	лягухах	лягуха	NOUN	_	Animacy=Anim|Case=Loc|Gender=Fem|Number=Plur	_	_	_	@ivp1985m-words#@ivp1985m#118.661#118.932
374	соло	соло	NOUN	_	Animacy=Inan|Case=Nom|Gender=Neut|Number=Sing	_	_	_	@ivp1985m-words#@ivp1985m#120.278#120.602
375	на	на	ADP	_	_	_	_	_	@ivp1985m-words#@ivp1985m#120.602#120.926
376	лягухах	лягуха	NOUN	_	Animacy=Anim|Case=Loc|Gender=Fem|Number=Plur	_	_	_	@ivp1985m-words#@ivp1985m#120.926#121.25
377	это	это	PRON	_	Animacy=Inan|Case=Nom|Gender=Neut|Number=Sing	_	_	_	@ivp1985m-words#@ivp1985m#121.25#121.574
378	самое	самый	ADJ	_	Case=Nom|Degree=Pos|Gender=Neut|Number=Sing	_	_	_	@ivp1985m-words#@ivp1985m#121.574#121.898
379	/	/	PUNCT	_	_	_	_	_	@ivp1985m-words#@ivp1985m#121.898#122.222
380	крутое	крутой	ADJ	_	Case=Nom|Degree=Pos|Gender=Neut|Number=Sing	_	_	_	@ivp1985m-words#@ivp1985m#122.222#122.546
381	что	что	PRON	_	Case=Nom	_	_	_	@ivp1985m-words#@ivp1985m#122.546#122.87
382	может	мочь	VERB	_	Aspect=Imp|Mood=Ind|Number=Sing|Person=3|Tense=Pres|VerbForm=Fin|Voice=Act	_	_	_	@ivp1985m-words#@ivp1985m#122.87#123.194
383	быть	быть	AUX	_	Aspect=Imp|VerbForm=Inf|Voice=Act	_	_	_	@ivp1985m-words#@ivp1985m#123.194#123.52
384	на	на	ADP	_	_	_	_	_	@ivp1985m-words#@ivp1985m#123.521#123.819
385	самом	самый	ADJ	_	Case=Loc|Degree=Pos|Gender=Neut|Number=Sing	_	_	_	@ivp1985m-words#@ivp1985m#123.819#124.117
386	деле	дело	NOUN	_	Animacy=Inan|Case=Loc|Gender=Neut|Number=Sing	_	_	_	@ivp1985m-words#@ivp1985m#124.117#124.415
387	моя	мой	DET	_	Case=Nom|Gender=Fem|Number=Sing	_	_	_	@ivp1985m-words#@ivp1985m#124.415#124.713
388	мечта	мечта	NOUN	_	Animacy=Inan|Case=Nom|Gender=Fem|Number=Sing	_	_	_	@ivp1985m-words#@ivp1985m#124.713#125.011
389	была	быть	VERB	_	Aspect=Imp|Gender=Fem|Mood=Ind|Number=Sing|Tense=Past|VerbForm=Fin|Voice=Act	_	_	_	@ivp1985m-words#@ivp1985m#125.011#125.309
390	/	/	PUNCT	_	_	_	_	_	@ivp1985m-words#@ivp1985m#125.309#125.607
391	аа	а	INTJ	_	_	_	_	_	@ivp1985m-words#@ivp1985m#125.607#125.905
392	/	/	PUNCT	_	_	_	_	_	@ivp1985m-words#@ivp1985m#125.905#126.203
393	внедрить	внедрять	VERB	_	Aspect=Perf|VerbForm=Inf|Voice=Act	_	_	_	@ivp1985m-words#@ivp1985m#126.203#126.501
394	как	как	ADV	_	Degree=Pos	_	_	_	@ivp1985m-words#@ivp1985m#126.501#126.799
395	можно	можно	ADV	_	Degree=Pos	_	_	_	@ivp1985m-words#@ivp1985m#126.799#127.097
396	больше	много	NUM	_	_	_	_	_	@ivp1985m-words#@ivp1985m#127.097#127.395
397	животных	животное	NOUN	_	Animacy=Anim|Case=Gen|Gender=Neut|Number=Plur	_	_	_	@ivp1985m-words#@ivp1985m#127.395#127.693
398	в	в	ADP	_	_	_	_	_	@ivp1985m-words#@ivp1985m#127.693#127.991
399	один	один	NUM	_	Animacy=Inan|Case=Acc|Gender=Masc	_	_	_	@ivp1985m-words#@ivp1985m#127.991#128.289
400	трек	трек	NOUN	_	Animacy=Inan|Case=Acc|Gender=Masc|Number=Sing	_	_	_	@ivp1985m-words#@ivp1985m#128.289#128.587
401	/	/	PUNCT	_	_	_	_	_	@ivp1985m-words#@ivp1985m#128.587#128.885
402	/	/	PUNCT	_	_	_	_	_	@ivp1985m-words#@ivp1985m#128.885#129.183
403	я	я	PRON	_	Case=Nom|Number=Sing|Person=1	_	_	_	@ivp1985m-words#@ivp1985m#129.183#129.481
404	не	не	PART	_	_	_	_	_	@ivp1985m-words#@ivp1985m#129.481#129.779
405	знаю	знать	VERB	_	Aspect=Imp|Mood=Ind|Number=Sing|Person=1|Tense=Pres|VerbForm=Fin|Voice=Act	_	_	_	@ivp1985m-words#@ivp1985m#129.779#130.077
406	по...	почему	ADV	_	Degree=Pos	_	_	_	@ivp1985m-words#@ivp1985m#130.077#130.375
407	почему	почему	ADV	_	Degree=Pos	_	_	_	@ivp1985m-words#@ivp1985m#130.375#130.673
408	/	/	PUNCT	_	_	_	_	_	@ivp1985m-words#@ivp1985m#130.673#130.971
409	это	это	PRON	_	Animacy=Inan|Case=Nom|Gender=Neut|Number=Sing	_	_	_	@ivp1985m-words#@ivp1985m#130.971#131.269
410	моя	мой	DET	_	Case=Nom|Gender=Fem|Number=Sing	_	_	_	@ivp1985m-words#@ivp1985m#131.269#131.567
411	сверхидея	сверхидея	NOUN	_	Animacy=Inan|Case=Nom|Gender=Fem|Number=Sing	_	_	_	@ivp1985m-words#@ivp1985m#131.567#131.865
412	была	быть	AUX	_	Aspect=Imp|Gender=Fem|Mood=Ind|Number=Sing|Tense=Past|VerbForm=Fin|Voice=Act	_	_	_	@ivp1985m-words#@ivp1985m#131.865#132.163
413	в	в	ADP	_	_	_	_	_	@ivp1985m-words#@ivp1985m#132.163#132.461
414	какой-то	какой-то	DET	_	Case=Acc|Gender=Masc|Number=Sing	_	_	_	@ivp1985m-words#@ivp1985m#132.461#132.759
415	момент	момент	NOUN	_	Animacy=Inan|Case=Acc|Gender=Masc|Number=Sing	_	_	_	@ivp1985m-words#@ivp1985m#132.759#133.057
416	времени	время	NOUN	_	Animacy=Inan|Case=Gen|Gender=Neut|Number=Sing	_	_	_	@ivp1985m-words#@ivp1985m#133.057#133.355
417	то	то	PRON	_	_	_	_	_	@ivp1985m-words#@ivp1985m#133.355#133.653
418	есть	быть	VERB	_	_	_	_	_	@ivp1985m-words#@ivp1985m#133.653#133.951
419	я	я	PRON	_	Case=Nom|Number=Sing|Person=1	_	_	_	@ivp1985m-words#@ivp1985m#133.951#134.249
420	ее	она	PRON	_	Case=Acc|Gender=Fem|Number=Sing|Person=3	_	_	_	@ivp1985m-words#@ivp1985m#134.249#134.547
421	исполнил	исполнять	VERB	_	Aspect=Perf|Gender=Masc|Mood=Ind|Number=Sing|Tense=Past|VerbForm=Fin|Voice=Act	_	_	_	@ivp1985m-words#@ivp1985m#134.547#134.845
422	/	/	PUNCT	_	_	_	_	_	@ivp1985m-words#@ivp1985m#134.845#135.143
423	теперь	теперь	ADV	_	Degree=Pos	_	_	_	@ivp1985m-words#@ivp1985m#135.143#135.441
424	идем	идти	VERB	_	Aspect=Imp|Mood=Ind|Number=Plur|Person=1|Tense=Pres|VerbForm=Fin|Voice=Act	_	_	_	@ivp1985m-words#@ivp1985m#135.441#135.739
425	к	к	ADP	_	_	_	_	_	@ivp1985m-words#@ivp1985m#135.739#136.037
426	/	/	PUNCT	_	_	_	_	_	@ivp1985m-words#@ivp1985m#136.037#136.335
427	новым	новый	ADJ	_	Case=Dat|Degree=Pos|Number=Plur	_	_	_	@ivp1985m-words#@ivp1985m#136.335#136.633
428	к	к	ADP	_	_	_	_	_	@ivp1985m-words#@ivp1985m#136.633#136.931
429	новым	новый	ADJ	_	Case=Dat|Degree=Pos|Number=Plur	_	_	_	@ivp1985m-words#@ivp1985m#136.931#137.229
430	/	/	PUNCT	_	_	_	_	_	@ivp1985m-words#@ivp1985m#137.229#137.527
431	к	к	ADP	_	_	_	_	_	@ivp1985m-words#@ivp1985m#137.527#137.825
432	новым	новый	ADJ	_	Case=Dat|Degree=Pos|Number=Plur	_	_	_	@ivp1985m-words#@ivp1985m#137.825#138.123
433	высотам	высота	NOUN	_	Animacy=Inan|Case=Dat|Gender=Fem|Number=Plur	_	_	_	@ivp1985m-words#@ivp1985m#138.123#138.431
434	петухи	петух	NOUN	_	Animacy=Anim|Case=Nom|Gender=Masc|Number=Plur	_	_	_	@ivp1985m-words#@ivp1985m#139.608#140.418
435	/	/	PUNCT	_	_	_	_	_	@ivp1985m-words#@ivp1985m#140.418#141.228
436	ээ	ээ	INTJ	_	_	_	_	_	@ivp1985m-words#@ivp1985m#141.228#142.039
437	лягухи	лягушка	NOUN	_	Animacy=Anim|Case=Nom|Gender=Fem|Number=Plur	_	_	_	@ivp1985m-words#@ivp1985m#142.039#142.57
438	/	/	PUNCT	_	_	_	_	_	@ivp1985m-words#@ivp1985m#142.57#143.101
439	собаки	собака	NOUN	_	Animacy=Anim|Case=Nom|Gender=Fem|Number=Plur	_	_	_	@ivp1985m-words#@ivp1985m#143.101#143.632
440	/	/	PUNCT	_	_	_	_	_	@ivp1985m-words#@ivp1985m#143.632#144.163
441	а	а	INTJ	_	_	_	_	_	@ivp1985m-words#@ivp1985m#144.163#144.694
442	дрозды	дрозд	NOUN	_	Animacy=Anim|Case=Nom|Gender=Masc|Number=Plur	_	_	_	@ivp1985m-words#@ivp1985m#144.694#145.227
443	да	да	PART	_	_	_	_	_	@ivp1985m-words#@ivp1985m#146.742#147.0
444	они	они	PRON	_	Case=Nom|Number=Plur|Person=3	_	_	_	@ivp1985m-words#@ivp1985m#147.0#147.258
445	/	/	PUNCT	_	_	_	_	_	@ivp1985m-words#@ivp1985m#147.258#147.516
446	они	они	PRON	_	Case=Nom|Number=Plur|Person=3	_	_	_	@ivp1985m-words#@ivp1985m#147.516#147.774
447	не	не	PART	_	_	_	_	_	@ivp1985m-words#@ivp1985m#147.774#148.032
448	интересные	интересный	ADJ	_	Animacy=Anim|Case=Nom|Degree=Pos|Number=Plur	_	_	_	@ivp1985m-words#@ivp1985m#148.032#148.29
449	/	/	PUNCT	_	_	_	_	_	@ivp1985m-words#@ivp1985m#148.29#148.548
450	это	это	PRON	_	Animacy=Inan|Case=Nom|Gender=Neut|Number=Sing	_	_	_	@ivp1985m-words#@ivp1985m#148.548#148.806
451	самые	самый	ADJ	_	Case=Nom|Degree=Pos|Number=Plur	_	_	_	@ivp1985m-words#@ivp1985m#148.806#149.064
452	неинтересные	неинтересный	ADJ	_	Case=Nom|Degree=Pos|Number=Plur	_	_	_	@ivp1985m-words#@ivp1985m#149.064#149.322
453	животные	животное	NOUN	_	Animacy=Anim|Case=Nom|Gender=Neut|Number=Plur	_	_	_	@ivp1985m-words#@ivp1985m#149.322#149.58
454	которые	который	PRON	_	Case=Nom|Number=Plur	_	_	_	@ivp1985m-words#@ivp1985m#149.58#149.838
455	могут	мочь	VERB	_	Aspect=Imp|Mood=Ind|Number=Plur|Person=3|Tense=Pres|VerbForm=Fin|Voice=Act	_	_	_	@ivp1985m-words#@ivp1985m#149.838#150.096
456	быть	быть	VERB	_	Aspect=Imp|VerbForm=Inf|Voice=Act	_	_	_	@ivp1985m-words#@ivp1985m#150.096#150.361
457	кошки	кошка	NOUN	_	Animacy=Anim|Case=Nom|Gender=Fem|Number=Plur	_	_	_	@ivp1985m-words#@ivp1985m#150.753#151.163
458	/	/	PUNCT	_	_	_	_	_	@ivp1985m-words#@ivp1985m#151.163#151.573
459	лошадки	лошадка	NOUN	_	Animacy=Anim|Case=Nom|Gender=Fem|Number=Plur	_	_	_	@ivp1985m-words#@ivp1985m#151.573#151.984
460	ну	ну	PART	_	_	_	_	_	@ivp1985m-words#@ivp1985m#168.326#168.609
461	я	я	PRON	_	Case=Nom|Number=Sing|Person=1	_	_	_	@ivp1985m-words#@ivp1985m#168.609#168.892
462	помню	помнить	VERB	_	Aspect=Imp|Mood=Ind|Number=Sing|Person=1|Tense=Pres|VerbForm=Fin|Voice=Act	_	_	_	@ivp1985m-words#@ivp1985m#168.892#169.175
463	точно	точно	ADV	_	Degree=Pos	_	_	_	@ivp1985m-words#@ivp1985m#169.175#169.458
464	мы	мы	PRON	_	Case=Nom|Number=Plur|Person=1	_	_	_	@ivp1985m-words#@ivp1985m#169.458#169.741
465	/	/	PUNCT	_	_	_	_	_	@ivp1985m-words#@ivp1985m#169.741#170.024
466	у	у	ADP	_	_	_	_	_	@ivp1985m-words#@ivp1985m#170.024#170.307
467	нас	мы	PRON	_	Case=Gen|Number=Plur|Person=1	_	_	_	@ivp1985m-words#@ivp1985m#170.307#170.59
468	была	быть	VERB	_	Aspect=Imp|Gender=Fem|Mood=Ind|Number=Sing|Tense=Past|VerbForm=Fin|Voice=Act	_	_	_	@ivp1985m-words#@ivp1985m#170.59#170.873
469	сцена	сцена	NOUN	_	Animacy=Inan|Case=INom|Gender=Fem|Number=Sing	_	_	_	@ivp1985m-words#@ivp1985m#170.873#171.156
470	с	с	ADP	_	_	_	_	_	@ivp1985m-words#@ivp1985m#171.156#171.439
471	бомжом	бомж	NOUN	_	Animacy=Inan|Case=Ins|Gender=Masc|Number=Sing	_	_	_	@ivp1985m-words#@ivp1985m#171.439#171.722
472	/	/	PUNCT	_	_	_	_	_	@ivp1985m-words#@ivp1985m#171.722#172.005
473	а	а	INTJ	_	_	_	_	_	@ivp1985m-words#@ivp1985m#172.005#172.288
474	была	быть	VERB	_	Aspect=Imp|Gender=Fem|Mood=Ind|Number=Sing|Tense=Past|VerbForm=Fin|Voice=Act	_	_	_	@ivp1985m-words#@ivp1985m#172.288#172.571
475	сцена	сцена	NOUN	_	Animacy=Inan|Case=INom|Gender=Fem|Number=Sing	_	_	_	@ivp1985m-words#@ivp1985m#172.571#172.854
476	/	/	PUNCT	_	_	_	_	_	@ivp1985m-words#@ivp1985m#172.854#173.137
477	ааа	ааа	INTJ	_	_	_	_	_	@ivp1985m-words#@ivp1985m#173.137#173.42
478	угу	угу	INTJ	_	_	_	_	_	@ivp1985m-words#@ivp1985m#176.478#177.003
479	ну	ну	PART	_	_	_	_	_	@ivp1985m-words#@ivp1985m#182.595#183.038
480	кстати	кстати	ADV	_	Degree=Pos	_	_	_	@ivp1985m-words#@ivp1985m#183.038#183.481
481	у	у	INTJ	_	_	_	_	_	@ivp1985m-words#@ivp1985m#183.481#183.924
482	аа	аа	INTJ	_	_	_	_	_	@ivp1985m-words#@ivp1985m#183.924#184.367
483	/	/	PUNCT	_	_	_	_	_	@ivp1985m-words#@ivp1985m#184.367#184.81
484	буфетчица	буфетчица	NOUN	_	Animacy=Anim|Case=Nom|Gender=Fem|Number=Sing	_	_	_	@ivp1985m-words#@ivp1985m#184.81#185.253
485	/	/	PUNCT	_	_	_	_	_	@ivp1985m-words#@ivp1985m#185.253#185.696
486	это	это	PRON	_	Animacy=Inan|Case=Nom|Gender=Neut|Number=Sing	_	_	_	@ivp1985m-words#@ivp1985m#185.696#186.139
487	прям	прямо	ADV	_	Degree=Pos	_	_	_	@ivp1985m-words#@ivp1985m#186.139#186.582
488	очень	очень	ADV	_	Degree=Pos	_	_	_	@ivp1985m-words#@ivp1985m#186.582#187.025
489	хорошая	хороший	ADJ	_	Case=Nom|Degree=Pos|Gender=Fem|Number=Sing	_	_	_	@ivp1985m-words#@ivp1985m#187.025#187.468
490	сцена	сцена	NOUN	_	Animacy=Inan|Case=Nom|Gender=Fem|Number=Sing	_	_	_	@ivp1985m-words#@ivp1985m#187.468#187.911
491	и	и	CCONJ	_	_	_	_	_	@ivp1985m-words#@ivp1985m#187.911#188.354
492	/	/	PUNCT	_	_	_	_	_	@ivp1985m-words#@ivp1985m#188.354#188.797
493	мнэ	мнэ	INTJ	_	_	_	_	_	@ivp1985m-words#@ivp1985m#188.797#189.24
494	девочка	девочка	NOUN	_	Animacy=Anim|Case=Nom|Gender=Fem|Number=Sing	_	_	_	@ivp1985m-words#@ivp1985m#189.24#189.683
495	которая	который	DET	_	Case=Nom|Gender=Fem|Number=Sing	_	_	_	@ivp1985m-words#@ivp1985m#189.683#190.126
496	снималась	сниматься	VERB	_	Aspect=Imp|Gender=Fem|Mood=Ind|Number=Sing|Tense=Past|VerbForm=Fin|Voice=Pass	_	_	_	@ivp1985m-words#@ivp1985m#190.126#190.569
497	ээ	ээ	INTJ	_	_	_	_	_	@ivp1985m-words#@ivp1985m#190.569#191.019
498	сима	Сима	PROPN	_	Animacy=Anim|Case=Nom|Gender=Fem|Number=Sing	_	_	_	@ivp1985m-words#@ivp1985m#191.02#191.22
499	/	/	PUNCT	_	_	_	_	_	@ivp1985m-words#@ivp1985m#191.22#191.42
500	да	да	PART	_	_	_	_	_	@ivp1985m-words#@ivp1985m#191.42#191.62
501	очень	очень	ADV	_	Degree=Pos	_	_	_	@ivp1985m-words#@ivp1985m#192.165#192.95
502	круто	круто	ADV	_	Degree=Pos	_	_	_	@ivp1985m-words#@ivp1985m#192.95#193.735
503	исполнила	исполнить	VERB	_	Aspect=Perf|Gender=Fem|Mood=Ind|Number=Sing|Tense=Past|VerbForm=Fin|Voice=Act	_	_	_	@ivp1985m-words#@ivp1985m#193.735#194.52
504	ээ	ээ	INTJ	_	_	_	_	_	@ivp1985m-words#@ivp1985m#194.52#195.305
505	/	/	PUNCT	_	_	_	_	_	@ivp1985m-words#@ivp1985m#195.305#196.09
506	прям	прямо	ADV	_	Degree=Pos	_	_	_	@ivp1985m-words#@ivp1985m#196.09#196.875
507	это	это	PRON	_	Animacy=Inan|Case=Nom|Gender=Neut|Number=Sing	_	_	_	@ivp1985m-words#@ivp1985m#196.875#197.66
508	одна	один	NUM	_	Case=Nom|Gender=Fem	_	_	_	@ivp1985m-words#@ivp1985m#197.66#198.445
509	из	из	ADP	_	_	_	_	_	@ivp1985m-words#@ivp1985m#198.445#199.23
510	моих	мой	DET	_	Case=Gen|Number=Plur	_	_	_	@ivp1985m-words#@ivp1985m#199.23#200.015
511	любимых	любимый	ADJ	_	Case=Gen|Degree=Pos|Number=Plur	_	_	_	@ivp1985m-words#@ivp1985m#200.015#200.8
512	сцен	сцена	NOUN	_	Animacy=Inan|Case=Gen|Gender=Fem|Number=Plur	_	_	_	@ivp1985m-words#@ivp1985m#200.8#201.585
513	/	/	PUNCT	_	_	_	_	_	@ivp1985m-words#@ivp1985m#201.585#202.37
514	/	/	PUNCT	_	_	_	_	_	@ivp1985m-words#@ivp1985m#202.37#203.155
515	и	и	CCONJ	_	_	_	_	_	@ivp1985m-words#@ivp1985m#203.155#203.94
516	мы	мы	PRON	_	Case=Nom|Number=Plur|Person=1	_	_	_	@ivp1985m-words#@ivp1985m#203.94#204.725
517	долго	долго	ADV	_	Degree=Pos	_	_	_	@ivp1985m-words#@ivp1985m#204.725#205.51
518	сомневались	сомневаться	VERB	_	Aspect=Imp|Mood=Ind|Number=Plur|Tense=Past|VerbForm=Fin|Voice=Mid	_	_	_	@ivp1985m-words#@ivp1985m#205.51#206.295
519	а	а	CCONJ	_	_	_	_	_	@ivp1985m-words#@ivp1985m#206.295#207.08
520	делать	делать	VERB	_	Aspect=Imp|VerbForm=Inf|Voice=Act	_	_	_	@ivp1985m-words#@ivp1985m#207.08#207.865
521	ее	она	PRON	_	Case=Acc|Gender=Fem|Number=Sing|Person=3	_	_	_	@ivp1985m-words#@ivp1985m#207.865#208.65
522	или	или	CCONJ	_	_	_	_	_	@ivp1985m-words#@ivp1985m#208.65#209.435
523	нет	нет	PART	_	_	_	_	_	@ivp1985m-words#@ivp1985m#209.435#210.22
524	но	но	CCONJ	_	_	_	_	_	@ivp1985m-words#@ivp1985m#210.22#211.005
525	когда	когда	SCONJ	_	_	_	_	_	@ivp1985m-words#@ivp1985m#211.005#211.79
526	сделали	делать	VERB	_	Aspect=Perf|Mood=Ind|Number=Plur|Tense=Past|VerbForm=Fin|Voice=Act	_	_	_	@ivp1985m-words#@ivp1985m#211.79#212.575
527	/	/	PUNCT	_	_	_	_	_	@ivp1985m-words#@ivp1985m#212.575#213.36
528	оказалось	оказаться	VERB	_	Aspect=Perf|Gender=Neut|Mood=Ind|Number=Sing|Tense=Past|VerbForm=Fin|Voice=Mid	_	_	_	@ivp1985m-words#@ivp1985m#213.36#214.145
529	что	что	SCONJ	_	_	_	_	_	@ivp1985m-words#@ivp1985m#214.145#214.93
530	/	/	PUNCT	_	_	_	_	_	@ivp1985m-words#@ivp1985m#214.93#215.715
531	не	не	PART	_	_	_	_	_	@ivp1985m-words#@ivp1985m#215.715#216.5
532	зря	зря	ADV	_	Degree=Pos	_	_	_	@ivp1985m-words#@ivp1985m#216.5#217.291
533	хм	хм	INTJ	_	_	_	_	_	@ivp1985m-words#@ivp1985m#224.31#224.988
534	самое	самый	ADJ	_	Case=Nom|Degree=Pos|Gender=Neut|Number=Sing	_	_	_	@ivp1985m-words#@ivp1985m#243.401#243.723
535	смешное	смешной	ADJ	_	Case=Nom|Degree=Pos|Gender=Neut|Number=Sing	_	_	_	@ivp1985m-words#@ivp1985m#243.723#244.045
536	/	/	PUNCT	_	_	_	_	_	@ivp1985m-words#@ivp1985m#244.045#244.367
537	мы	мы	PRON	_	Case=Nom|Number=Plur|Person=1	_	_	_	@ivp1985m-words#@ivp1985m#244.367#244.689
538	продюсерам	продюсер	NOUN	_	Animacy=Anim|Case=Dat|Gender=Masc|Number=Plur	_	_	_	@ivp1985m-words#@ivp1985m#244.689#245.011
539	сказали	сказать	VERB	_	Aspect=Perf|Mood=Ind|Number=Plur|Tense=Past|VerbForm=Fin|Voice=Act	_	_	_	@ivp1985m-words#@ivp1985m#245.011#245.333
540	/	/	PUNCT	_	_	_	_	_	@ivp1985m-words#@ivp1985m#245.333#245.655
541	главное	главное	NOUN	_	Animacy=Inan|Case=Nom|Gender=Neut|Number=Sing	_	_	_	@ivp1985m-words#@ivp1985m#245.655#245.977
542	/	/	PUNCT	_	_	_	_	_	@ivp1985m-words#@ivp1985m#245.977#246.299
543	аа	а	INTJ	_	_	_	_	_	@ivp1985m-words#@ivp1985m#246.299#246.621
544	/	/	PUNCT	_	_	_	_	_	@ivp1985m-words#@ivp1985m#246.621#246.943
545	не	не	PART	_	_	_	_	_	@ivp1985m-words#@ivp1985m#246.943#247.265
546	мейн-кун	мейн-кун	NOUN	_	Animacy=Anim|Case=Nom|Gender=Masc|Number=Sing	_	_	_	@ivp1985m-words#@ivp1985m#247.265#247.587
547	/	/	PUNCT	_	_	_	_	_	@ivp1985m-words#@ivp1985m#247.587#247.909
548	то	то	PRON	_	_	_	_	_	@ivp1985m-words#@ivp1985m#247.909#248.231
549	есть	быть	VERB	_	_	_	_	_	@ivp1985m-words#@ivp1985m#248.231#248.553
550	привезите	привезти	VERB	_	Aspect=Perf|Mood=Imp|Number=Plur|Person=2|VerbForm=Fin|Voice=Act	_	_	_	@ivp1985m-words#@ivp1985m#248.553#248.875
551	кота	кот	NOUN	_	Animacy=Anim|Case=Acc|Gender=Masc|Number=Sing	_	_	_	@ivp1985m-words#@ivp1985m#248.875#249.197
552	/	/	PUNCT	_	_	_	_	_	@ivp1985m-words#@ivp1985m#249.197#249.519
553	порода	порода	NOUN	_	Animacy=Inan|Case=Nom|Gender=Fem|Number=Sing	_	_	_	@ivp1985m-words#@ivp1985m#249.519#249.841
554	должна	должен	ADJ	_	Degree=Pos|Gender=Fem|Number=Sing|Variant=Short	_	_	_	@ivp1985m-words#@ivp1985m#249.841#250.163
555	быть	быть	VERB	_	Aspect=Imp|VerbForm=Inf|Voice=Act	_	_	_	@ivp1985m-words#@ivp1985m#250.163#250.485
556	не	не	PART	_	_	_	_	_	@ivp1985m-words#@ivp1985m#250.485#250.807
557	мейн-кун	мейн-кун	NOUN	_	Animacy=Anim|Case=Nom|Gender=Masc|Number=Sing	_	_	_	@ivp1985m-words#@ivp1985m#250.807#251.129
558	/	/	PUNCT	_	_	_	_	_	@ivp1985m-words#@ivp1985m#251.129#251.451
559	аа	а	INTJ	_	_	_	_	_	@ivp1985m-words#@ivp1985m#251.451#251.773
560	/	/	PUNCT	_	_	_	_	_	@ivp1985m-words#@ivp1985m#251.773#252.095
561	потому	потому	ADV	_	Degree=Pos	_	_	_	@ivp1985m-words#@ivp1985m#252.095#252.417
562	что	что	SCONJ	_	_	_	_	_	@ivp1985m-words#@ivp1985m#252.417#252.739
563	мейн-куны	мейн-кун	NOUN	_	Animacy=Anim|Case=Nom|Gender=Masc|Number=Plur	_	_	_	@ivp1985m-words#@ivp1985m#252.739#253.061
564	очень	очень	ADV	_	Degree=Pos	_	_	_	@ivp1985m-words#@ivp1985m#253.061#253.383
565	большие	большой	ADJ	_	Case=Nom|Degree=Pos|Number=Plur	_	_	_	@ivp1985m-words#@ivp1985m#253.383#253.705
566	/	/	PUNCT	_	_	_	_	_	@ivp1985m-words#@ivp1985m#253.705#254.027
567	то	то	PRON	_	_	_	_	_	@ivp1985m-words#@ivp1985m#254.027#254.349
568	есть	быть	VERB	_	_	_	_	_	@ivp1985m-words#@ivp1985m#254.349#254.671
569	если	если	SCONJ	_	_	_	_	_	@ivp1985m-words#@ivp1985m#254.671#254.993
570	будет	быть	VERB	_	Aspect=Imp|Mood=Ind|Number=Sing|Person=3|Tense=Fut|VerbForm=Fin|Voice=Act	_	_	_	@ivp1985m-words#@ivp1985m#254.993#255.315
571	обычный	обычный	ADJ	_	Case=Nom|Degree=Pos|Gender=Masc|Number=Sing	_	_	_	@ivp1985m-words#@ivp1985m#255.315#255.637
572	кот	кот	NOUN	_	Animacy=Anim|Case=Nom|Gender=Masc|Number=Sing	_	_	_	@ivp1985m-words#@ivp1985m#255.637#255.959
573	/	/	PUNCT	_	_	_	_	_	@ivp1985m-words#@ivp1985m#255.959#256.281
574	и	и	CCONJ	_	_	_	_	_	@ivp1985m-words#@ivp1985m#256.281#256.603
575	мейн-кун	мейн-кун	NOUN	_	Animacy=Anim|Case=Nom|Gender=Masc|Number=Sing	_	_	_	@ivp1985m-words#@ivp1985m#256.603#256.925
576	/	/	PUNCT	_	_	_	_	_	@ivp1985m-words#@ivp1985m#256.925#257.247
577	они	они	PRON	_	Case=Nom|Number=Plur|Person=3	_	_	_	@ivp1985m-words#@ivp1985m#257.247#257.569
578	будут	быть	VERB	_	Aspect=Imp|Mood=Ind|Number=Plur|Person=3|Tense=Fut|VerbForm=Fin|Voice=Act	_	_	_	@ivp1985m-words#@ivp1985m#257.569#257.891
579	разные	разный	ADJ	_	Case=Nom|Degree=Pos|Number=Plur	_	_	_	@ivp1985m-words#@ivp1985m#257.891#258.213
580	/	/	PUNCT	_	_	_	_	_	@ivp1985m-words#@ivp1985m#258.213#258.535
581	и	и	CCONJ	_	_	_	_	_	@ivp1985m-words#@ivp1985m#258.535#258.857
582	знаете	знать	VERB	_	Aspect=Imp|Mood=Ind|Number=Plur|Person=2|Tense=Pres|VerbForm=Fin|Voice=Act	_	_	_	@ivp1985m-words#@ivp1985m#258.857#259.179
583	что	что	PRON	_	Case=Nom	_	_	_	@ivp1985m-words#@ivp1985m#259.179#259.501
584	/	/	PUNCT	_	_	_	_	_	@ivp1985m-words#@ivp1985m#259.501#259.823
585	привозят	привозить	VERB	_	Aspect=Imp|Mood=Ind|Number=Plur|Person=3|Tense=Pres|VerbForm=Fin|Voice=Act	_	_	_	@ivp1985m-words#@ivp1985m#259.823#260.145
586	мейн-куна	мейн-кун	NOUN	_	Animacy=Anim|Case=Acc|Gender=Masc|Number=Sing	_	_	_	@ivp1985m-words#@ivp1985m#260.145#260.467
587	/	/	PUNCT	_	_	_	_	_	@ivp1985m-words#@ivp1985m#260.467#260.789
588	/	/	PUNCT	_	_	_	_	_	@ivp1985m-words#@ivp1985m#260.789#261.111
589	я	я	PRON	_	Case=Nom|Number=Sing|Person=1	_	_	_	@ivp1985m-words#@ivp1985m#261.111#261.433
590	говорю	говорить	VERB	_	Aspect=Imp|Mood=Ind|Number=Sing|Person=1|Tense=Pres|VerbForm=Fin|Voice=Act	_	_	_	@ivp1985m-words#@ivp1985m#261.433#261.755
591	/	/	PUNCT	_	_	_	_	_	@ivp1985m-words#@ivp1985m#261.755#262.077
592	но	но	CCONJ	_	_	_	_	_	@ivp1985m-words#@ivp1985m#262.077#262.399
593	я	я	PRON	_	Case=Nom|Number=Sing|Person=1	_	_	_	@ivp1985m-words#@ivp1985m#262.399#262.721
594	же	же	PART	_	_	_	_	_	@ivp1985m-words#@ivp1985m#262.721#263.043
595	говорил	говорить	VERB	_	Aspect=Imp|Gender=Masc|Mood=Ind|Number=Sing|Tense=Past|VerbForm=Fin|Voice=Act	_	_	_	@ivp1985m-words#@ivp1985m#263.043#263.365
596	только	только	PART	_	_	_	_	_	@ivp1985m-words#@ivp1985m#263.365#263.687
597	не	не	PART	_	_	_	_	_	@ivp1985m-words#@ivp1985m#263.687#264.009
598	мейн-кун	мейн-кун	NOUN	_	Animacy=Anim|Case=Nom|Gender=Masc|Number=Sing	_	_	_	@ivp1985m-words#@ivp1985m#264.009#264.331
599	/	/	PUNCT	_	_	_	_	_	@ivp1985m-words#@ivp1985m#264.331#264.653
600	и	и	CCONJ	_	_	_	_	_	@ivp1985m-words#@ivp1985m#264.653#264.975
601	один	один	NUM	_	Case=Nom|Gender=Masc	_	_	_	@ivp1985m-words#@ivp1985m#264.975#265.297
602	из	из	ADP	_	_	_	_	_	@ivp1985m-words#@ivp1985m#265.297#265.619
603	продюсеров	продюсер	NOUN	_	Animacy=Anim|Case=Gen|Gender=Masc|Number=Plur	_	_	_	@ivp1985m-words#@ivp1985m#265.619#265.941
604	говорит	говорить	VERB	_	Aspect=Imp|Mood=Ind|Number=Sing|Person=3|Tense=Pres|VerbForm=Fin|Voice=Act	_	_	_	@ivp1985m-words#@ivp1985m#265.941#266.263
605	ну	ну	PART	_	_	_	_	_	@ivp1985m-words#@ivp1985m#266.263#266.585
606	мне	я	PRON	_	Case=Dat|Number=Sing|Person=1	_	_	_	@ivp1985m-words#@ivp1985m#266.585#266.907
607	сказали	сказать	VERB	_	Aspect=Perf|Mood=Ind|Number=Plur|Tense=Past|VerbForm=Fin|Voice=Act	_	_	_	@ivp1985m-words#@ivp1985m#266.907#267.229
608	мейн-куна	мейн-кун	NOUN	_	Animacy=Anim|Case=Acc|Gender=Masc|Number=Sing	_	_	_	@ivp1985m-words#@ivp1985m#267.229#267.551
609	/	/	PUNCT	_	_	_	_	_	@ivp1985m-words#@ivp1985m#267.551#267.873
610	/	/	PUNCT	_	_	_	_	_	@ivp1985m-words#@ivp1985m#267.873#268.195
611	что	что	PRON	_	Case=Nom	_	_	_	@ivp1985m-words#@ivp1985m#268.195#268.517
612	?	?	PUNCT	_	_	_	_	_	@ivp1985m-words#@ivp1985m#268.517#268.841
613	в	в	ADP	_	_	_	_	_	@ivp1985m-words#@ivp1985m#276.039#276.428
614	этом	этот	DET	_	Case=Loc|Gender=Masc|Number=Sing	_	_	_	@ivp1985m-words#@ivp1985m#276.428#276.817
615	клипе	клип	NOUN	_	Animacy=Inan|Case=Loc|Gender=Masc|Number=Sing	_	_	_	@ivp1985m-words#@ivp1985m#276.817#277.206
616	есть	быть	VERB	_	Aspect=Imp|Mood=Ind|Number=Sing|Person=3|Tense=Pres|VerbForm=Fin|Voice=Act	_	_	_	@ivp1985m-words#@ivp1985m#277.206#277.595
617	/	/	PUNCT	_	_	_	_	_	@ivp1985m-words#@ivp1985m#277.595#277.984
618	несколько	несколько	ADV	_	Degree=Pos	_	_	_	@ivp1985m-words#@ivp1985m#277.984#278.373
619	по-моему	по-моему	ADV	_	Degree=Pos	_	_	_	@ivp1985m-words#@ivp1985m#278.373#278.762
620	пасхалок	пасхалка	NOUN	_	Animacy=Inan|Case=Gen|Gender=Fem|Number=Plur	_	_	_	@ivp1985m-words#@ivp1985m#278.762#279.151
621	/	/	PUNCT	_	_	_	_	_	@ivp1985m-words#@ivp1985m#279.151#279.54
622	вот	вот	PART	_	_	_	_	_	@ivp1985m-words#@ivp1985m#279.54#279.929
623	/	/	PUNCT	_	_	_	_	_	@ivp1985m-words#@ivp1985m#279.929#280.318
624	кто	кто	PRON	_	Case=Nom	_	_	_	@ivp1985m-words#@ivp1985m#280.318#280.707
625	увидит	увидеть	VERB	_	Aspect=Perf|Mood=Ind|Number=Sing|Person=3|Tense=Fut|VerbForm=Fin|Voice=Act	_	_	_	@ivp1985m-words#@ivp1985m#280.707#281.096
626	в	в	ADP	_	_	_	_	_	@ivp1985m-words#@ivp1985m#281.096#281.485
627	буфете	буфет	NOUN	_	Animacy=Inan|Case=Loc|Gender=Masc|Number=Sing	_	_	_	@ivp1985m-words#@ivp1985m#281.485#281.874
628	/	/	PUNCT	_	_	_	_	_	@ivp1985m-words#@ivp1985m#281.874#282.263
629	там	там	ADV	_	Degree=Pos	_	_	_	@ivp1985m-words#@ivp1985m#282.263#282.652
630	допустим	допустить	VERB	_	Aspect=Perf|Mood=Ind|Number=Plur|Person=1|Tense=Fut|VerbForm=Fin|Voice=Act	_	_	_	@ivp1985m-words#@ivp1985m#282.652#283.041
631	есть	быть	VERB	_	Aspect=Imp|Mood=Ind|Number=Sing|Person=3|Tense=Pres|VerbForm=Fin|Voice=Act	_	_	_	@ivp1985m-words#@ivp1985m#283.041#283.43
632	/	/	PUNCT	_	_	_	_	_	@ivp1985m-words#@ivp1985m#283.43#283.819
633	аа	аа	INTJ	_	_	_	_	_	@ivp1985m-words#@ivp1985m#283.819#284.208
634	витрина	витрина	NOUN	_	Animacy=Inan|Case=Nom|Gender=Fem|Number=Sing	_	_	_	@ivp1985m-words#@ivp1985m#284.208#284.597
635	/	/	PUNCT	_	_	_	_	_	@ivp1985m-words#@ivp1985m#284.597#284.986
636	а	а	INTJ	_	_	_	_	_	@ivp1985m-words#@ivp1985m#284.986#285.375
637	с	с	ADP	_	_	_	_	_	@ivp1985m-words#@ivp1985m#285.375#285.764
638	колбасой	колбаса	NOUN	_	Animacy=Inan|Case=Ins|Gender=Fem|Number=Sing	_	_	_	@ivp1985m-words#@ivp1985m#285.764#286.153
639	/	/	PUNCT	_	_	_	_	_	@ivp1985m-words#@ivp1985m#286.153#286.542
640	притом	притом	ADV	_	Degree=Pos	_	_	_	@ivp1985m-words#@ivp1985m#286.542#286.931
641	я	я	PRON	_	Case=Nom|Number=Sing|Person=1	_	_	_	@ivp1985m-words#@ivp1985m#286.931#287.32
642	щас	сейчас	ADV	_	Degree=Pos	_	_	_	@ivp1985m-words#@ivp1985m#287.32#287.709
643	не	не	PART	_	_	_	_	_	@ivp1985m-words#@ivp1985m#287.709#288.098
644	утрирую	утрировать	VERB	_	Aspect=Imp|Mood=Ind|Number=Sing|Person=1|Tense=Pres|VerbForm=Fin|Voice=Act	_	_	_	@ivp1985m-words#@ivp1985m#288.098#288.487
645	/	/	PUNCT	_	_	_	_	_	@ivp1985m-words#@ivp1985m#288.487#288.876
646	там	там	ADV	_	Degree=Pos	_	_	_	@ivp1985m-words#@ivp1985m#288.876#289.265
647	реально	реально	ADV	_	Degree=Pos	_	_	_	@ivp1985m-words#@ivp1985m#289.265#289.654
648	только	только	PART	_	_	_	_	_	@ivp1985m-words#@ivp1985m#289.654#290.043
649	одна	один	NUM	_	Case=Nom|Gender=Fem	_	_	_	@ivp1985m-words#@ivp1985m#290.043#290.432
650	колбаса	колбаса	NOUN	_	Animacy=Inan|Case=Nom|Gender=Fem|Number=Sing	_	_	_	@ivp1985m-words#@ivp1985m#290.432#290.821
651	подписанная	подписать	VERB	_	Aspect=Perf|Case=Nom|Gender=Fem|Number=Sing|Tense=Past|VerbForm=Part|Voice=Pass	_	_	_	@ivp1985m-words#@ivp1985m#290.821#291.21
652	колбаса	колбаса	NOUN	_	Animacy=Inan|Case=Nom|Gender=Fem|Number=Sing	_	_	_	@ivp1985m-words#@ivp1985m#291.21#291.599
653	/	/	PUNCT	_	_	_	_	_	@ivp1985m-words#@ivp1985m#291.599#291.988
654	колбаса	колбаса	NOUN	_	Animacy=Inan|Case=Nom|Gender=Fem|Number=Sing	_	_	_	@ivp1985m-words#@ivp1985m#291.988#292.401
655	по	по	ADP	_	_	_	_	_	@ivp1985m-words#@ivp1985m#292.509#292.899
656	клипу	клип	NOUN	_	Animacy=Inan|Case=Dat|Gender=Masc|Number=Sing	_	_	_	@ivp1985m-words#@ivp1985m#292.899#293.289
657	/	/	PUNCT	_	_	_	_	_	@ivp1985m-words#@ivp1985m#293.289#293.679
658	достаточно	достаточно	ADV	_	Degree=Pos	_	_	_	@ivp1985m-words#@ivp1985m#293.679#294.069
659	много	много	ADV	_	Degree=Pos	_	_	_	@ivp1985m-words#@ivp1985m#294.069#294.459
660	таких	такой	DET	_	Case=Gen|Number=Plur	_	_	_	@ivp1985m-words#@ivp1985m#294.459#294.849
661	/	/	PUNCT	_	_	_	_	_	@ivp1985m-words#@ivp1985m#294.849#295.239
662	э	э	INTJ	_	_	_	_	_	@ivp1985m-words#@ivp1985m#295.239#295.629
663	мини	мини	ADJ	_	Foreign=Yes	_	_	_	@ivp1985m-words#@ivp1985m#295.629#296.019
664	мини	мини	ADJ	_	Foreign=Yes	_	_	_	@ivp1985m-words#@ivp1985m#296.019#296.409
665	мини	мини	ADJ	_	Foreign=Yes	_	_	_	@ivp1985m-words#@ivp1985m#296.409#296.799
666	пасхалок	пасхалка	NOUN	_	Animacy=Inan|Case=Gen|Gender=Fem|Number=Plur	_	_	_	@ivp1985m-words#@ivp1985m#296.799#297.189
667	/	/	PUNCT	_	_	_	_	_	@ivp1985m-words#@ivp1985m#297.189#297.579
668	вот	вот	PART	_	_	_	_	_	@ivp1985m-words#@ivp1985m#297.579#297.969
669	/	/	PUNCT	_	_	_	_	_	@ivp1985m-words#@ivp1985m#297.969#298.359
670	все	все	DET	_	Case=Nom|Number=Plur	_	_	_	@ivp1985m-words#@ivp1985m#298.359#298.749
671	кто	кто	PRON	_	Case=Nom	_	_	_	@ivp1985m-words#@ivp1985m#298.749#299.139
672	/	/	PUNCT	_	_	_	_	_	@ivp1985m-words#@ivp1985m#299.139#299.529
673	э	э	INTJ	_	_	_	_	_	@ivp1985m-words#@ivp1985m#299.529#299.919
674	найдет	найти	VERB	_	Aspect=Perf|Mood=Ind|Number=Plur|Person=3|Tense=Fut|VerbForm=Fin|Voice=Act	_	_	_	@ivp1985m-words#@ivp1985m#299.919#300.309
675	их	они	PRON	_	Case=Acc|Number=Plur|Person=3	_	_	_	@ivp1985m-words#@ivp1985m#300.309#300.699
676	/	/	PUNCT	_	_	_	_	_	@ivp1985m-words#@ivp1985m#300.699#301.089
677	молодцы	молодец	NOUN	_	Animacy=Anim|Case=Nom|Gender=Masc|Number=Plur	_	_	_	@ivp1985m-words#@ivp1985m#301.089#301.492
678	кроме	кроме	ADP	_	_	_	_	_	@ivp1985m-words#@ivp1985m#331.444#331.892
679	меня	я	PRON	_	Case=Gen|Number=Sing|Person=1	_	_	_	@ivp1985m-words#@ivp1985m#331.892#332.34
680	потому	потому	ADV	_	Degree=Pos	_	_	_	@ivp1985m-words#@ivp1985m#333.004#333.312
681	что	что	SCONJ	_	_	_	_	_	@ivp1985m-words#@ivp1985m#333.312#333.62
682	я	я	PRON	_	Case=Nom|Number=Sing|Person=1	_	_	_	@ivp1985m-words#@ivp1985m#333.62#333.928
683	как	как	SCONJ	_	_	_	_	_	@ivp1985m-words#@ivp1985m#333.928#334.236
684	говорится	говорить	VERB	_	Aspect=Imp|Mood=Ind|Number=Sing|Person=3|Tense=Pres|VerbForm=Fin|Voice=Pass	_	_	_	@ivp1985m-words#@ivp1985m#334.236#334.544
685	/	/	PUNCT	_	_	_	_	_	@ivp1985m-words#@ivp1985m#334.544#334.852
686	придумал	придумать	VERB	_	Aspect=Perf|Gender=Masc|Mood=Ind|Number=Sing|Tense=Past|VerbForm=Fin|Voice=Act	_	_	_	@ivp1985m-words#@ivp1985m#334.852#335.16
687	это	этот	DET	_	Case=Acc|Gender=Neut|Number=Sing	_	_	_	@ivp1985m-words#@ivp1985m#335.16#335.468
688	движение	движение	NOUN	_	Animacy=Inan|Case=Acc|Gender=Neut|Number=Sing	_	_	_	@ivp1985m-words#@ivp1985m#335.468#335.776
689	вот	вот	PART	_	_	_	_	_	@ivp1985m-words#@ivp1985m#335.776#336.084
690	и	и	PART	_	_	_	_	_	@ivp1985m-words#@ivp1985m#336.084#336.392
691	все	все	PART	_	_	_	_	_	@ivp1985m-words#@ivp1985m#336.392#336.705
692	с	с	ADP	_	_	_	_	_	@ivp1985m-words#@ivp1985m#354.94#355.429
693	нашим	наш	DET	_	Case=Ins|Gender=Masc|Number=Sing	_	_	_	@ivp1985m-words#@ivp1985m#355.429#355.918
694	хореографом	хореограф	NOUN	_	Animacy=Anim|Case=Ins|Gender=Masc|Number=Sing	_	_	_	@ivp1985m-words#@ivp1985m#355.918#356.407
695	да	да	PART	_	_	_	_	_	@ivp1985m-words#@ivp1985m#390.366#390.698
696	да	да	PART	_	_	_	_	_	@ivp1985m-words#@ivp1985m#390.698#391.03
697	да	да	PART	_	_	_	_	_	@ivp1985m-words#@ivp1985m#391.03#391.362
698	и	и	CCONJ	_	_	_	_	_	@ivp1985m-words#@ivp1985m#391.362#391.694
699	мы	мы	PRON	_	Case=Nom|Number=Plur|Person=1	_	_	_	@ivp1985m-words#@ivp1985m#391.694#392.026
700	им	они	PRON	_	Case=Dat|Number=Plur|Person=3	_	_	_	@ivp1985m-words#@ivp1985m#392.026#392.358
701	говорили	говорить	VERB	_	Aspect=Imp|Mood=Ind|Number=Plur|Tense=Past|VerbForm=Fin|Voice=Act	_	_	_	@ivp1985m-words#@ivp1985m#392.358#392.69
702	/	/	PUNCT	_	_	_	_	_	@ivp1985m-words#@ivp1985m#392.69#393.022
703	ребят	ребята	NOUN	_	Animacy=Anim|Case=Nom|Number=Plur	_	_	_	@ivp1985m-words#@ivp1985m#393.022#393.354
704	/	/	PUNCT	_	_	_	_	_	@ivp1985m-words#@ivp1985m#393.354#393.686
705	ни	ни	PART	_	Polarity=Neg	_	_	_	@ivp1985m-words#@ivp1985m#393.686#394.018
706	в	в	ADP	_	_	_	_	_	@ivp1985m-words#@ivp1985m#394.018#394.35
707	коем	кой	DET	_	Case=Loc|Gender=Masc|Number=Sing	_	_	_	@ivp1985m-words#@ivp1985m#394.35#394.682
708	случае	случай	NOUN	_	Animacy=Inan|Case=Loc|Gender=Masc|Number=Sing	_	_	_	@ivp1985m-words#@ivp1985m#394.682#395.014
709	/	/	PUNCT	_	_	_	_	_	@ivp1985m-words#@ivp1985m#395.014#395.346
710	не	не	PART	_	_	_	_	_	@ivp1985m-words#@ivp1985m#395.346#395.678
711	старайтесь	стараться	VERB	_	Aspect=Imp|Mood=Imp|Number=Plur|Person=2|VerbForm=Fin|Voice=Mid	_	_	_	@ivp1985m-words#@ivp1985m#395.678#396.01
712	/	/	PUNCT	_	_	_	_	_	@ivp1985m-words#@ivp1985m#396.01#396.342
713	здесь	здесь	ADV	_	Degree=Pos	_	_	_	@ivp1985m-words#@ivp1985m#396.342#396.674
714	нужно	нужно	ADJ	_	Degree=Pos|Gender=Neut|Number=Sing|Variant=Short	_	_	_	@ivp1985m-words#@ivp1985m#396.674#397.006
715	как	как	ADV	_	Degree=Pos	_	_	_	@ivp1985m-words#@ivp1985m#397.006#397.338
716	можно	можно	ADV	_	Degree=Pos	_	_	_	@ivp1985m-words#@ivp1985m#397.338#397.67
717	дебильнее	дебильно	ADV	_	Degree=Cmp	_	_	_	@ivp1985m-words#@ivp1985m#397.67#398.002
718	танцевать	танцевать	VERB	_	Aspect=Imp|VerbForm=Inf|Voice=Act	_	_	_	@ivp1985m-words#@ivp1985m#398.002#398.334
719	/	/	PUNCT	_	_	_	_	_	@ivp1985m-words#@ivp1985m#398.334#398.666
720	они	они	PRON	_	Case=Nom|Number=Plur|Person=3	_	_	_	@ivp1985m-words#@ivp1985m#398.666#398.998
721	такие	такой	DET	_	Case=Nom|Number=Plur	_	_	_	@ivp1985m-words#@ivp1985m#398.998#399.33
722	блин	блин	INTJ	_	_	_	_	_	@ivp1985m-words#@ivp1985m#399.33#399.662
723	/	/	PUNCT	_	_	_	_	_	@ivp1985m-words#@ivp1985m#399.662#399.994
724	как	как	SCONJ	_	_	_	_	_	@ivp1985m-words#@ivp1985m#399.994#400.326
725	/	/	PUNCT	_	_	_	_	_	@ivp1985m-words#@ivp1985m#400.326#400.658
726	как	как	SCONJ	_	_	_	_	_	@ivp1985m-words#@ivp1985m#400.658#400.99
727	это	это	PRON	_	Animacy=Inan|Case=Nom|Gender=Neut|Number=Sing	_	_	_	@ivp1985m-words#@ivp1985m#400.99#401.322
728	/	/	PUNCT	_	_	_	_	_	@ivp1985m-words#@ivp1985m#401.322#401.654
729	то	то	PRON	_	_	_	_	_	@ivp1985m-words#@ivp1985m#401.654#401.986
730	есть	быть	VERB	_	_	_	_	_	@ivp1985m-words#@ivp1985m#401.986#402.318
731	это	это	PRON	_	Animacy=Inan|Case=Nom|Gender=Neut|Number=Sing	_	_	_	@ivp1985m-words#@ivp1985m#402.318#402.65
732	было	быть	AUX	_	Aspect=Imp|Gender=Neut|Mood=Ind|Number=Sing|Tense=Past|VerbForm=Fin|Voice=Act	_	_	_	@ivp1985m-words#@ivp1985m#402.65#402.982
733	реально	реальный	ADV	_	Degree=Pos	_	_	_	@ivp1985m-words#@ivp1985m#402.982#403.314
734	/	/	PUNCT	_	_	_	_	_	@ivp1985m-words#@ivp1985m#403.314#403.646
735	а	а	INTJ	_	_	_	_	_	@ivp1985m-words#@ivp1985m#403.646#403.978
736	/	/	PUNCT	_	_	_	_	_	@ivp1985m-words#@ivp1985m#403.978#404.31
737	мне	я	PRON	_	Case=Dat|Number=Sing|Person=1	_	_	_	@ivp1985m-words#@ivp1985m#404.31#404.642
738	казалось	казаться	VERB	_	Aspect=Imp|Gender=Neut|Mood=Ind|Number=Sing|Tense=Past|VerbForm=Fin|Voice=Mid	_	_	_	@ivp1985m-words#@ivp1985m#404.642#404.974
739	с	с	ADP	_	_	_	_	_	@ivp1985m-words#@ivp1985m#404.974#405.306
740	самого	самый	ADJ	_	Case=Gen|Degree=Pos|Gender=Neut|Number=Sing	_	_	_	@ivp1985m-words#@ivp1985m#405.306#405.638
741	начала	начало	NOUN	_	Animacy=Inan|Case=Gen|Gender=Neut|Number=Sing	_	_	_	@ivp1985m-words#@ivp1985m#405.638#405.97
742	что	что	SCONJ	_	_	_	_	_	@ivp1985m-words#@ivp1985m#405.97#406.302
743	это	это	PRON	_	Animacy=Inan|Case=Nom|Gender=Neut|Number=Sing	_	_	_	@ivp1985m-words#@ivp1985m#406.302#406.634
744	будет	быть	AUX	_	Aspect=Imp|Mood=Ind|Number=Sing|Person=3|Tense=Fut|VerbForm=Fin|Voice=Act	_	_	_	@ivp1985m-words#@ivp1985m#406.634#406.966
745	самая	самый	ADJ	_	Case=Nom|Degree=Pos|Gender=Fem|Number=Sing	_	_	_	@ivp1985m-words#@ivp1985m#406.966#407.298
746	легкая	легкий	ADJ	_	Case=Nom|Degree=Pos|Gender=Fem|Number=Sing	_	_	_	@ivp1985m-words#@ivp1985m#407.298#407.63
747	съемка	съемка	NOUN	_	Animacy=Inan|Case=Nom|Gender=Fem|Number=Sing	_	_	_	@ivp1985m-words#@ivp1985m#407.63#407.962
748	/	/	PUNCT	_	_	_	_	_	@ivp1985m-words#@ivp1985m#407.962#408.294
749	что	что	SCONJ	_	_	_	_	_	@ivp1985m-words#@ivp1985m#408.294#408.626
750	мы	мы	PRON	_	Case=Nom|Number=Plur|Person=1	_	_	_	@ivp1985m-words#@ivp1985m#408.626#408.958
751	/	/	PUNCT	_	_	_	_	_	@ivp1985m-words#@ivp1985m#408.958#409.29
752	позвали	позвать	VERB	_	Aspect=Perf|Mood=Ind|Number=Plur|Tense=Past|VerbForm=Fin|Voice=Act	_	_	_	@ivp1985m-words#@ivp1985m#409.29#409.622
753	профессиональных	профессиональный	ADJ	_	Case=Acc|Degree=Pos|Number=Plur	_	_	_	@ivp1985m-words#@ivp1985m#409.622#409.954
754	танцоров	танцор	NOUN	_	Animacy=Anim|Case=Acc|Gender=Masc|Number=Plur	_	_	_	@ivp1985m-words#@ivp1985m#409.954#410.286
755	/	/	PUNCT	_	_	_	_	_	@ivp1985m-words#@ivp1985m#410.286#410.618
756	но	но	CCONJ	_	_	_	_	_	@ivp1985m-words#@ivp1985m#410.618#410.95
757	в	в	ADP	_	_	_	_	_	@ivp1985m-words#@ivp1985m#410.95#411.282
758	результате	результат	NOUN	_	Animacy=Inan|Case=Loc|Gender=Masc|Number=Sing	_	_	_	@ivp1985m-words#@ivp1985m#411.282#411.614
759	/	/	PUNCT	_	_	_	_	_	@ivp1985m-words#@ivp1985m#411.614#411.946
760	оказалось	оказаться	VERB	_	Aspect=Perf|Gender=Neut|Mood=Ind|Number=Sing|Tense=Past|VerbForm=Fin|Voice=Mid	_	_	_	@ivp1985m-words#@ivp1985m#411.946#412.278
761	что	что	SCONJ	_	_	_	_	_	@ivp1985m-words#@ivp1985m#412.278#412.61
762	/	/	PUNCT	_	_	_	_	_	@ivp1985m-words#@ivp1985m#412.61#412.942
763	профессиональным	профессиональный	ADJ	_	Case=Dat|Degree=Pos|Number=Plur	_	_	_	@ivp1985m-words#@ivp1985m#412.942#413.274
764	танцорам	танцор	NOUN	_	Animacy=Anim|Case=Dat|Gender=Masc|Number=Plur	_	_	_	@ivp1985m-words#@ivp1985m#413.274#413.606
765	/	/	PUNCT	_	_	_	_	_	@ivp1985m-words#@ivp1985m#413.606#413.938
766	очень	очень	ADV	_	Degree=Pos	_	_	_	@ivp1985m-words#@ivp1985m#413.938#414.27
767	сложно	сложный	ADV	_	Degree=Pos	_	_	_	@ivp1985m-words#@ivp1985m#414.27#414.602
768	/	/	PUNCT	_	_	_	_	_	@ivp1985m-words#@ivp1985m#414.602#414.934
769	нэ	нэ	INTJ	_	_	_	_	_	@ivp1985m-words#@ivp1985m#414.934#415.266
770	танцевать	танцевать	VERB	_	Aspect=Imp|VerbForm=Inf|Voice=Act	_	_	_	@ivp1985m-words#@ivp1985m#415.266#415.598
771	/	/	PUNCT	_	_	_	_	_	@ivp1985m-words#@ivp1985m#415.598#415.93
772	непрофессионально	непрофессионально	ADV	_	Degree=Pos	_	_	_	@ivp1985m-words#@ivp1985m#415.93#416.262
773	/	/	PUNCT	_	_	_	_	_	@ivp1985m-words#@ivp1985m#416.262#416.594
774	то	то	PRON	_	_	_	_	_	@ivp1985m-words#@ivp1985m#416.594#416.926
775	есть	быть	VERB	_	_	_	_	_	@ivp1985m-words#@ivp1985m#416.926#417.258
776	они	они	PRON	_	Case=Nom|Number=Plur|Person=3	_	_	_	@ivp1985m-words#@ivp1985m#417.258#417.59
777	пытаются	пытаться	VERB	_	Aspect=Imp|Mood=Ind|Number=Plur|Person=3|Tense=Pres|VerbForm=Fin|Voice=Mid	_	_	_	@ivp1985m-words#@ivp1985m#417.59#417.922
778	там	там	ADV	_	Degree=Pos	_	_	_	@ivp1985m-words#@ivp1985m#417.922#418.254
779	вложиться	вкладываться	VERB	_	Aspect=Perf|VerbForm=Inf|Voice=Mid	_	_	_	@ivp1985m-words#@ivp1985m#418.254#418.586
780	в	в	ADP	_	_	_	_	_	@ivp1985m-words#@ivp1985m#418.586#418.918
781	движения	движение	NOUN	_	Animacy=Inan|Case=Acc|Gender=Neut|Number=Sing	_	_	_	@ivp1985m-words#@ivp1985m#418.918#419.25
782	там	там	ADV	_	Degree=Pos	_	_	_	@ivp1985m-words#@ivp1985m#419.25#419.582
783	/	/	PUNCT	_	_	_	_	_	@ivp1985m-words#@ivp1985m#419.582#419.914
784	эм	эм	INTJ	_	Animacy=Inan|Case=Nom|Gender=Masc|Number=Sing	_	_	_	@ivp1985m-words#@ivp1985m#419.914#420.246
785	/	/	PUNCT	_	_	_	_	_	@ivp1985m-words#@ivp1985m#420.246#420.578
786	там	там	ADV	_	Degree=Pos	_	_	_	@ivp1985m-words#@ivp1985m#420.578#420.91
787	динамика	динамика	NOUN	_	Animacy=Inan|Case=Nom|Gender=Fem|Number=Sing	_	_	_	@ivp1985m-words#@ivp1985m#420.91#421.242
788	тела	тело	NOUN	_	Animacy=Inan|Case=Gen|Gender=Neut|Number=Sing	_	_	_	@ivp1985m-words#@ivp1985m#421.242#421.574
789	а	а	CCONJ	_	_	_	_	_	@ivp1985m-words#@ivp1985m#421.574#421.906
790	я	я	PRON	_	Case=Nom|Number=Sing|Person=1	_	_	_	@ivp1985m-words#@ivp1985m#421.906#422.238
791	говорю	говорить	VERB	_	Aspect=Imp|Mood=Ind|Number=Sing|Person=1|Tense=Pres|VerbForm=Fin|Voice=Act	_	_	_	@ivp1985m-words#@ivp1985m#422.238#422.57
792	нет	нет	PART	_	_	_	_	_	@ivp1985m-words#@ivp1985m#422.57#422.902
793	/	/	PUNCT	_	_	_	_	_	@ivp1985m-words#@ivp1985m#422.902#423.234
794	стоп	стоп	VERB	_	Foreign=Yes	_	_	_	@ivp1985m-words#@ivp1985m#423.234#423.566
795	/	/	PUNCT	_	_	_	_	_	@ivp1985m-words#@ivp1985m#423.566#423.898
796	ты	ты	PRON	_	Case=Nom|Number=Sing|Person=2	_	_	_	@ivp1985m-words#@ivp1985m#423.898#424.23
797	деревянный	деревянный	ADJ	_	Case=Nom|Degree=Pos|Gender=Masc|Number=Sing	_	_	_	@ivp1985m-words#@ivp1985m#424.23#424.562
798	все	все	PRON	_	Animacy=Inan|Case=Nom|Gender=Neut|Number=Sing	_	_	_	@ivp1985m-words#@ivp1985m#424.562#424.894
799	/	/	PUNCT	_	_	_	_	_	@ivp1985m-words#@ivp1985m#424.894#425.226
800	забудь	забыть	VERB	_	Aspect=Perf|Mood=Imp|Number=Sing|Person=2|VerbForm=Fin|Voice=Act	_	_	_	@ivp1985m-words#@ivp1985m#425.226#425.558
801	/	/	PUNCT	_	_	_	_	_	@ivp1985m-words#@ivp1985m#425.558#425.89
802	и	и	CCONJ	_	_	_	_	_	@ivp1985m-words#@ivp1985m#425.89#426.222
803	это	это	PRON	_	Animacy=Inan|Case=Nom|Gender=Neut|Number=Sing	_	_	_	@ivp1985m-words#@ivp1985m#426.222#426.554
804	было	быть	AUX	_	Aspect=Imp|Gender=Neut|Mood=Ind|Number=Sing|Tense=Past|VerbForm=Fin|Voice=Act	_	_	_	@ivp1985m-words#@ivp1985m#426.554#426.886
805	сложно	сложно	ADJ	_	Degree=Pos|Gender=Neut|Number=Sing|Variant=Short	_	_	_	@ivp1985m-words#@ivp1985m#426.886#427.218
806	/	/	PUNCT	_	_	_	_	_	@ivp1985m-words#@ivp1985m#427.218#427.55
807	реально	реально	ADV	_	Degree=Pos	_	_	_	@ivp1985m-words#@ivp1985m#427.55#427.882
808	сложно	сложно	ADJ	_	Degree=Pos|Gender=Neut|Number=Sing|Variant=Short	_	_	_	@ivp1985m-words#@ivp1985m#427.882#428.228
